idSpots,FX,Spots,Time
1,USDMXN,"  18.6789","2018-03-20 15:29:03"
2,USDCOP,2870.2900,"2018-03-20 15:29:03"
3,USDBRL,"   3.3023","2018-03-20 15:29:03"
4,USDPEN,"   3.2656","2018-03-20 15:29:03"
5,EURBRL,"   4.0485","2018-03-20 15:29:03"
6,EURMXN,"  22.9923","2018-03-20 15:29:03"
7,USDMXN,"  18.6789","2018-03-20 15:39:02"
8,USDCOP,2870.2900,"2018-03-20 15:39:02"
9,USDBRL,"   3.3023","2018-03-20 15:39:02"
10,USDPEN,"   3.2656","2018-03-20 15:39:02"
11,EURBRL,"   4.0485","2018-03-20 15:39:02"
12,EURMXN,"  22.9923","2018-03-20 15:39:02"
13,USDMXN,"  18.6789","2018-03-21 06:45:52"
14,USDCOP,2870.2900,"2018-03-21 06:45:52"
15,USDBRL,"   3.3023","2018-03-21 06:45:52"
16,USDPEN,"   3.2656","2018-03-21 06:45:52"
17,EURBRL,"   4.0485","2018-03-21 06:45:52"
18,EURMXN,"  22.9923","2018-03-21 06:45:52"
19,USDMXN,"  18.6789","2018-03-21 07:16:46"
20,USDCOP,2870.2900,"2018-03-21 07:16:46"
21,USDBRL,"   3.3023","2018-03-21 07:16:46"
22,USDPEN,"   3.2656","2018-03-21 07:16:46"
23,EURBRL,"   4.0485","2018-03-21 07:16:46"
24,EURMXN,"  22.9923","2018-03-21 07:16:46"
25,USDMXN,"  18.6789","2018-03-21 07:17:18"
26,USDCOP,2870.2900,"2018-03-21 07:17:18"
27,USDBRL,"   3.3023","2018-03-21 07:17:18"
28,USDPEN,"   3.2656","2018-03-21 07:17:18"
29,EURBRL,"   4.0485","2018-03-21 07:17:18"
30,EURMXN,"  22.9923","2018-03-21 07:17:18"
31,USDMXN,"  18.6789","2018-03-21 07:18:33"
32,USDCOP,2870.2900,"2018-03-21 07:18:33"
33,USDBRL,"   3.3023","2018-03-21 07:18:33"
34,USDPEN,"   3.2656","2018-03-21 07:18:33"
35,EURBRL,"   4.0485","2018-03-21 07:18:33"
36,EURMXN,"  22.9923","2018-03-21 07:18:33"
37,USDMXN,"  18.5384","2018-03-21 07:22:52"
38,USDCOP,2870.2900,"2018-03-21 07:22:52"
39,USDBRL,"   3.3019","2018-03-21 07:22:52"
40,USDPEN,"   3.2656","2018-03-21 07:22:52"
41,EURBRL,"   4.0529","2018-03-21 07:22:52"
42,EURMXN,"  22.7543","2018-03-21 07:22:52"
43,USDMXN,"  18.5384","2018-03-21 07:38:19"
44,USDCOP,2870.2900,"2018-03-21 07:38:19"
45,USDBRL,"   3.3019","2018-03-21 07:38:19"
46,USDPEN,"   3.2656","2018-03-21 07:38:19"
47,EURBRL,"   4.0529","2018-03-21 07:38:19"
48,EURMXN,"  22.7543","2018-03-21 07:38:19"
49,USDMXN,"  18.5384","2018-03-21 07:39:46"
50,USDCOP,2870.2900,"2018-03-21 07:39:46"
51,USDBRL,"   3.3019","2018-03-21 07:39:46"
52,USDPEN,"   3.2656","2018-03-21 07:39:46"
53,EURBRL,"   4.0529","2018-03-21 07:39:46"
54,EURMXN,"  22.7543","2018-03-21 07:39:46"
55,USDMXN,"  18.5384","2018-03-21 08:00:20"
56,USDCOP,2870.2900,"2018-03-21 08:00:20"
57,USDBRL,"   3.3019","2018-03-21 08:00:20"
58,USDPEN,"   3.2656","2018-03-21 08:00:20"
59,EURBRL,"   4.0529","2018-03-21 08:00:20"
60,EURMXN,"  22.7543","2018-03-21 08:00:20"
61,USDMXN,"  18.5384","2018-03-21 08:10:07"
62,USDCOP,2870.2900,"2018-03-21 08:10:07"
63,USDBRL,"   3.3019","2018-03-21 08:10:07"
64,USDPEN,"   3.2656","2018-03-21 08:10:07"
65,EURBRL,"   4.0529","2018-03-21 08:10:07"
66,EURMXN,"  22.7543","2018-03-21 08:10:07"
67,USDMXN,"  18.5384","2018-03-21 08:14:48"
68,USDCOP,2870.2900,"2018-03-21 08:14:48"
69,USDBRL,"   3.3019","2018-03-21 08:14:48"
70,USDPEN,"   3.2656","2018-03-21 08:14:48"
71,EURBRL,"   4.0529","2018-03-21 08:14:48"
72,EURMXN,"  22.7543","2018-03-21 08:14:48"
73,USDMXN,"  18.5384","2018-03-21 08:23:46"
74,USDCOP,2870.2900,"2018-03-21 08:23:46"
75,USDBRL,"   3.3019","2018-03-21 08:23:46"
76,USDPEN,"   3.2656","2018-03-21 08:23:46"
77,EURBRL,"   4.0529","2018-03-21 08:23:46"
78,EURMXN,"  22.7543","2018-03-21 08:23:46"
79,USDMXN,"  18.5384","2018-03-21 08:44:29"
80,USDCOP,2870.2900,"2018-03-21 08:44:29"
81,USDBRL,"   3.3019","2018-03-21 08:44:29"
82,USDPEN,"   3.2656","2018-03-21 08:44:29"
83,EURBRL,"   4.0529","2018-03-21 08:44:29"
84,EURMXN,"  22.7543","2018-03-21 08:44:29"
85,USDMXN,"  18.5384","2018-03-21 09:26:44"
86,USDCOP,2870.2900,"2018-03-21 09:26:44"
87,USDBRL,"   3.3019","2018-03-21 09:26:44"
88,USDPEN,"   3.2656","2018-03-21 09:26:44"
89,EURBRL,"   4.0529","2018-03-21 09:26:44"
90,EURMXN,"  22.7543","2018-03-21 09:26:44"
91,USDMXN,"  18.5384","2018-03-21 09:41:38"
92,USDCOP,2870.2900,"2018-03-21 09:41:38"
93,USDBRL,"   3.3019","2018-03-21 09:41:38"
94,USDPEN,"   3.2656","2018-03-21 09:41:38"
95,EURBRL,"   4.0529","2018-03-21 09:41:38"
96,EURMXN,"  22.7543","2018-03-21 09:41:38"
97,USDMXN,"  18.5384","2018-03-21 09:45:10"
98,USDCOP,2870.2900,"2018-03-21 09:45:10"
99,USDBRL,"   3.3019","2018-03-21 09:45:10"
100,USDPEN,"   3.2656","2018-03-21 09:45:10"
101,EURBRL,"   4.0529","2018-03-21 09:45:10"
102,EURMXN,"  22.7543","2018-03-21 09:45:10"
103,USDMXN,"  18.5384","2018-03-21 10:32:48"
104,USDCOP,2870.2900,"2018-03-21 10:32:48"
105,USDBRL,"   3.3019","2018-03-21 10:32:48"
106,USDPEN,"   3.2656","2018-03-21 10:32:48"
107,EURBRL,"   4.0529","2018-03-21 10:32:48"
108,EURMXN,"  22.7543","2018-03-21 10:32:48"
109,USDMXN,"  18.5384","2018-03-21 11:33:03"
110,USDCOP,2870.2900,"2018-03-21 11:33:03"
111,USDBRL,"   3.3019","2018-03-21 11:33:03"
112,USDPEN,"   3.2656","2018-03-21 11:33:03"
113,EURBRL,"   4.0529","2018-03-21 11:33:03"
114,EURMXN,"  22.7543","2018-03-21 11:33:03"
115,USDMXN,"  18.5874","2018-03-21 11:38:44"
116,USDCOP,2848.5400,"2018-03-21 11:38:44"
117,USDBRL,"   3.2854","2018-03-21 11:38:44"
118,USDPEN,"   3.2636","2018-03-21 11:38:44"
119,EURBRL,"   4.0375","2018-03-21 11:38:44"
120,EURMXN,"  22.8444","2018-03-21 11:38:44"
121,USDMXN,"  18.5874","2018-03-21 11:46:56"
122,USDCOP,2848.5400,"2018-03-21 11:46:56"
123,USDBRL,"   3.2854","2018-03-21 11:46:56"
124,USDPEN,"   3.2636","2018-03-21 11:46:56"
125,EURBRL,"   4.0375","2018-03-21 11:46:56"
126,EURMXN,"  22.8444","2018-03-21 11:46:56"
127,USDMXN,"  18.5874","2018-03-21 12:12:26"
128,USDCOP,2848.5400,"2018-03-21 12:12:26"
129,USDBRL,"   3.2854","2018-03-21 12:12:26"
130,USDPEN,"   3.2636","2018-03-21 12:12:26"
131,EURBRL,"   4.0375","2018-03-21 12:12:26"
132,EURMXN,"  22.8444","2018-03-21 12:12:26"
133,USDMXN,"  18.5874","2018-03-21 12:13:18"
134,USDCOP,2848.5400,"2018-03-21 12:13:18"
135,USDBRL,"   3.2854","2018-03-21 12:13:18"
136,USDPEN,"   3.2636","2018-03-21 12:13:18"
137,EURBRL,"   4.0375","2018-03-21 12:13:18"
138,EURMXN,"  22.8444","2018-03-21 12:13:18"
139,USDMXN,"  18.5874","2018-03-21 13:40:10"
140,USDCOP,2848.5400,"2018-03-21 13:40:10"
141,USDBRL,"   3.2854","2018-03-21 13:40:10"
142,USDPEN,"   3.2636","2018-03-21 13:40:10"
143,EURBRL,"   4.0375","2018-03-21 13:40:10"
144,EURMXN,"  22.8444","2018-03-21 13:40:10"
145,USDMXN,"  18.5874","2018-03-22 06:53:45"
146,USDCOP,2848.5400,"2018-03-22 06:53:45"
147,USDBRL,"   3.2854","2018-03-22 06:53:45"
148,USDPEN,"   3.2636","2018-03-22 06:53:45"
149,EURBRL,"   4.0375","2018-03-22 06:53:45"
150,EURMXN,"  22.8444","2018-03-22 06:53:45"
151,USDMXN,"  18.5874","2018-03-22 07:12:38"
152,USDCOP,2848.5400,"2018-03-22 07:12:38"
153,USDBRL,"   3.2854","2018-03-22 07:12:38"
154,USDPEN,"   3.2636","2018-03-22 07:12:38"
155,EURBRL,"   4.0375","2018-03-22 07:12:38"
156,EURMXN,"  22.8444","2018-03-22 07:12:38"
157,USDMXN,"  18.5874","2018-03-22 07:19:18"
158,USDCOP,2848.5400,"2018-03-22 07:19:18"
159,USDBRL,"   3.2854","2018-03-22 07:19:18"
160,USDPEN,"   3.2636","2018-03-22 07:19:18"
161,EURBRL,"   4.0375","2018-03-22 07:19:18"
162,EURMXN,"  22.8444","2018-03-22 07:19:18"
163,USDMXN,"  18.5874","2018-03-22 08:40:43"
164,USDCOP,2848.5400,"2018-03-22 08:40:43"
165,USDBRL,"   3.2854","2018-03-22 08:40:43"
166,USDPEN,"   3.2636","2018-03-22 08:40:43"
167,EURBRL,"   4.0375","2018-03-22 08:40:43"
168,EURMXN,"  22.8444","2018-03-22 08:40:43"
169,USDMXN,"  18.5874","2018-03-22 08:41:08"
170,USDCOP,2848.5400,"2018-03-22 08:41:08"
171,USDBRL,"   3.2854","2018-03-22 08:41:08"
172,USDPEN,"   3.2636","2018-03-22 08:41:08"
173,EURBRL,"   4.0375","2018-03-22 08:41:08"
174,EURMXN,"  22.8444","2018-03-22 08:41:08"
175,USDMXN,"  18.5874","2018-03-22 08:41:44"
176,USDCOP,2848.5400,"2018-03-22 08:41:44"
177,USDBRL,"   3.2854","2018-03-22 08:41:44"
178,USDPEN,"   3.2636","2018-03-22 08:41:44"
179,EURBRL,"   4.0375","2018-03-22 08:41:44"
180,EURMXN,"  22.8444","2018-03-22 08:41:44"
181,USDMXN,"  18.5874","2018-03-22 10:29:58"
182,USDCOP,2848.5400,"2018-03-22 10:29:58"
183,USDBRL,"   3.2854","2018-03-22 10:29:58"
184,USDPEN,"   3.2636","2018-03-22 10:29:58"
185,EURBRL,"   4.0375","2018-03-22 10:29:58"
186,EURMXN,"  22.8444","2018-03-22 10:29:58"
187,USDMXN,"  18.5874","2018-03-22 10:30:07"
188,USDCOP,2848.5400,"2018-03-22 10:30:07"
189,USDBRL,"   3.2854","2018-03-22 10:30:07"
190,USDPEN,"   3.2636","2018-03-22 10:30:07"
191,EURBRL,"   4.0375","2018-03-22 10:30:07"
192,EURMXN,"  22.8444","2018-03-22 10:30:07"
193,USDMXN,"  18.5874","2018-03-22 12:57:29"
194,USDCOP,2848.5400,"2018-03-22 12:57:29"
195,USDBRL,"   3.2854","2018-03-22 12:57:29"
196,USDPEN,"   3.2636","2018-03-22 12:57:29"
197,EURBRL,"   4.0375","2018-03-22 12:57:29"
198,EURMXN,"  22.8444","2018-03-22 12:57:29"
199,USDMXN,"  18.5874","2018-03-22 14:18:10"
200,USDCOP,2848.5400,"2018-03-22 14:18:10"
201,USDBRL,"   3.2854","2018-03-22 14:18:10"
202,USDPEN,"   3.2636","2018-03-22 14:18:10"
203,EURBRL,"   4.0375","2018-03-22 14:18:10"
204,EURMXN,"  22.8444","2018-03-22 14:18:10"
205,USDMXN,"  18.5874","2018-03-23 06:47:39"
206,USDCOP,2848.5400,"2018-03-23 06:47:39"
207,USDBRL,"   3.2854","2018-03-23 06:47:39"
208,USDPEN,"   3.2636","2018-03-23 06:47:39"
209,EURBRL,"   4.0375","2018-03-23 06:47:39"
210,EURMXN,"  22.8444","2018-03-23 06:47:39"
211,USDMXN,"  18.5874","2018-03-23 07:36:49"
212,USDCOP,2848.5400,"2018-03-23 07:36:49"
213,USDBRL,"   3.2854","2018-03-23 07:36:49"
214,USDPEN,"   3.2636","2018-03-23 07:36:49"
215,EURBRL,"   4.0375","2018-03-23 07:36:49"
216,EURMXN,"  22.8444","2018-03-23 07:36:49"
217,USDMXN,"  18.5874","2018-03-23 08:08:39"
218,USDCOP,2848.5400,"2018-03-23 08:08:39"
219,USDBRL,"   3.2854","2018-03-23 08:08:39"
220,USDPEN,"   3.2636","2018-03-23 08:08:39"
221,EURBRL,"   4.0375","2018-03-23 08:08:39"
222,EURMXN,"  22.8444","2018-03-23 08:08:39"
223,USDMXN,"  18.5874","2018-03-23 08:09:26"
224,USDCOP,2848.5400,"2018-03-23 08:09:26"
225,USDBRL,"   3.2854","2018-03-23 08:09:26"
226,USDPEN,"   3.2636","2018-03-23 08:09:26"
227,EURBRL,"   4.0375","2018-03-23 08:09:26"
228,EURMXN,"  22.8444","2018-03-23 08:09:26"
229,USDMXN,"  18.5874","2018-03-23 08:11:29"
230,USDCOP,2848.5400,"2018-03-23 08:11:29"
231,USDBRL,"   3.2854","2018-03-23 08:11:29"
232,USDPEN,"   3.2636","2018-03-23 08:11:29"
233,EURBRL,"   4.0375","2018-03-23 08:11:29"
234,EURMXN,"  22.8444","2018-03-23 08:11:29"
235,USDMXN,"  18.5874","2018-03-23 08:12:17"
236,USDCOP,2848.5400,"2018-03-23 08:12:17"
237,USDBRL,"   3.2854","2018-03-23 08:12:17"
238,USDPEN,"   3.2636","2018-03-23 08:12:17"
239,EURBRL,"   4.0375","2018-03-23 08:12:17"
240,EURMXN,"  22.8444","2018-03-23 08:12:17"
241,USDMXN,"  18.5874","2018-03-23 09:55:58"
242,USDCOP,2848.5400,"2018-03-23 09:55:58"
243,USDBRL,"   3.2854","2018-03-23 09:55:58"
244,USDPEN,"   3.2636","2018-03-23 09:55:58"
245,EURBRL,"   4.0375","2018-03-23 09:55:58"
246,EURMXN,"  22.8444","2018-03-23 09:55:58"
247,USDMXN,"  18.5874","2018-03-23 10:43:26"
248,USDCOP,2848.5400,"2018-03-23 10:43:26"
249,USDBRL,"   3.2854","2018-03-23 10:43:26"
250,USDPEN,"   3.2636","2018-03-23 10:43:26"
251,EURBRL,"   4.0375","2018-03-23 10:43:26"
252,EURMXN,"  22.8444","2018-03-23 10:43:26"
253,USDMXN,"  18.5874","2018-03-23 10:53:15"
254,USDCOP,2848.5400,"2018-03-23 10:53:15"
255,USDBRL,"   3.2854","2018-03-23 10:53:15"
256,USDPEN,"   3.2636","2018-03-23 10:53:15"
257,EURBRL,"   4.0375","2018-03-23 10:53:15"
258,EURMXN,"  22.8444","2018-03-23 10:53:15"
259,USDMXN,"  18.5874","2018-03-23 13:52:58"
260,USDCOP,2848.5400,"2018-03-23 13:52:58"
261,USDBRL,"   3.2854","2018-03-23 13:52:58"
262,USDPEN,"   3.2636","2018-03-23 13:52:58"
263,EURBRL,"   4.0375","2018-03-23 13:52:58"
264,EURMXN,"  22.8444","2018-03-23 13:52:58"
265,USDMXN,"  18.5874","2018-03-26 06:29:32"
266,USDCOP,2848.5400,"2018-03-26 06:29:32"
267,USDBRL,"   3.2854","2018-03-26 06:29:32"
268,USDPEN,"   3.2636","2018-03-26 06:29:32"
269,EURBRL,"   4.0375","2018-03-26 06:29:32"
270,EURMXN,"  22.8444","2018-03-26 06:29:32"
271,USDMXN,"  18.5874","2018-03-26 06:33:00"
272,USDCOP,2848.5400,"2018-03-26 06:33:00"
273,USDBRL,"   3.2854","2018-03-26 06:33:00"
274,USDPEN,"   3.2636","2018-03-26 06:33:00"
275,EURBRL,"   4.0375","2018-03-26 06:33:00"
276,EURMXN,"  22.8444","2018-03-26 06:33:00"
277,USDMXN,"  18.5874","2018-03-26 07:33:24"
278,USDCOP,2848.5400,"2018-03-26 07:33:24"
279,USDBRL,"   3.2854","2018-03-26 07:33:24"
280,USDPEN,"   3.2636","2018-03-26 07:33:24"
281,EURBRL,"   4.0375","2018-03-26 07:33:24"
282,EURMXN,"  22.8444","2018-03-26 07:33:24"
283,USDMXN,"  18.5874","2018-03-26 08:03:15"
284,USDCOP,2848.5400,"2018-03-26 08:03:15"
285,USDBRL,"   3.2854","2018-03-26 08:03:15"
286,USDPEN,"   3.2636","2018-03-26 08:03:15"
287,EURBRL,"   4.0375","2018-03-26 08:03:15"
288,EURMXN,"  22.8444","2018-03-26 08:03:15"
289,USDMXN,"  18.5874","2018-03-26 08:36:35"
290,USDCOP,2848.5400,"2018-03-26 08:36:35"
291,USDBRL,"   3.2854","2018-03-26 08:36:35"
292,USDPEN,"   3.2636","2018-03-26 08:36:35"
293,EURBRL,"   4.0375","2018-03-26 08:36:35"
294,EURMXN,"  22.8444","2018-03-26 08:36:35"
295,USDMXN,"  18.5874","2018-03-26 09:17:28"
296,USDCOP,2848.5400,"2018-03-26 09:17:28"
297,USDBRL,"   3.2854","2018-03-26 09:17:28"
298,USDPEN,"   3.2636","2018-03-26 09:17:28"
299,EURBRL,"   4.0375","2018-03-26 09:17:28"
300,EURMXN,"  22.8444","2018-03-26 09:17:28"
301,USDMXN,"  18.5874","2018-03-26 09:17:40"
302,USDCOP,2848.5400,"2018-03-26 09:17:40"
303,USDBRL,"   3.2854","2018-03-26 09:17:40"
304,USDPEN,"   3.2636","2018-03-26 09:17:40"
305,EURBRL,"   4.0375","2018-03-26 09:17:40"
306,EURMXN,"  22.8444","2018-03-26 09:17:40"
307,USDMXN,"  18.5874","2018-03-26 09:21:22"
308,USDCOP,2848.5400,"2018-03-26 09:21:22"
309,USDBRL,"   3.2854","2018-03-26 09:21:22"
310,USDPEN,"   3.2636","2018-03-26 09:21:22"
311,EURBRL,"   4.0375","2018-03-26 09:21:22"
312,EURMXN,"  22.8444","2018-03-26 09:21:22"
313,USDMXN,"  18.5874","2018-03-26 09:49:46"
314,USDCOP,2848.5400,"2018-03-26 09:49:46"
315,USDBRL,"   3.2854","2018-03-26 09:49:46"
316,USDPEN,"   3.2636","2018-03-26 09:49:46"
317,EURBRL,"   4.0375","2018-03-26 09:49:46"
318,EURMXN,"  22.8444","2018-03-26 09:49:46"
319,USDMXN,"  18.5874","2018-03-26 09:50:09"
320,USDCOP,2848.5400,"2018-03-26 09:50:09"
321,USDBRL,"   3.2854","2018-03-26 09:50:09"
322,USDPEN,"   3.2636","2018-03-26 09:50:09"
323,EURBRL,"   4.0375","2018-03-26 09:50:09"
324,EURMXN,"  22.8444","2018-03-26 09:50:09"
325,USDMXN,"  18.5874","2018-03-26 10:18:57"
326,USDCOP,2848.5400,"2018-03-26 10:18:57"
327,USDBRL,"   3.2854","2018-03-26 10:18:57"
328,USDPEN,"   3.2636","2018-03-26 10:18:57"
329,EURBRL,"   4.0375","2018-03-26 10:18:57"
330,EURMXN,"  22.8444","2018-03-26 10:18:57"
331,USDMXN,"  18.5874","2018-03-26 11:08:43"
332,USDCOP,2848.5400,"2018-03-26 11:08:43"
333,USDBRL,"   3.2854","2018-03-26 11:08:43"
334,USDPEN,"   3.2636","2018-03-26 11:08:43"
335,EURBRL,"   4.0375","2018-03-26 11:08:43"
336,EURMXN,"  22.8444","2018-03-26 11:08:43"
337,USDMXN,"  18.5874","2018-03-26 11:29:12"
338,USDCOP,2848.5400,"2018-03-26 11:29:12"
339,USDBRL,"   3.2854","2018-03-26 11:29:12"
340,USDPEN,"   3.2636","2018-03-26 11:29:12"
341,EURBRL,"   4.0375","2018-03-26 11:29:12"
342,EURMXN,"  22.8444","2018-03-26 11:29:12"
343,USDMXN,"  18.5874","2018-03-26 12:11:38"
344,USDCOP,2848.5400,"2018-03-26 12:11:38"
345,USDBRL,"   3.2854","2018-03-26 12:11:38"
346,USDPEN,"   3.2636","2018-03-26 12:11:38"
347,EURBRL,"   4.0375","2018-03-26 12:11:38"
348,EURMXN,"  22.8444","2018-03-26 12:11:38"
349,USDMXN,"  18.5874","2018-03-27 06:47:35"
350,USDCOP,2848.5400,"2018-03-27 06:47:35"
351,USDBRL,"   3.2854","2018-03-27 06:47:35"
352,USDPEN,"   3.2636","2018-03-27 06:47:35"
353,EURBRL,"   4.0375","2018-03-27 06:47:35"
354,EURMXN,"  22.8444","2018-03-27 06:47:35"
355,USDMXN,"  18.5874","2018-03-27 06:54:50"
356,USDCOP,2848.5400,"2018-03-27 06:54:50"
357,USDBRL,"   3.2854","2018-03-27 06:54:50"
358,USDPEN,"   3.2636","2018-03-27 06:54:50"
359,EURBRL,"   4.0375","2018-03-27 06:54:50"
360,EURMXN,"  22.8444","2018-03-27 06:54:50"
361,USDMXN,"  18.5874","2018-03-27 08:09:40"
362,USDCOP,2848.5400,"2018-03-27 08:09:40"
363,USDBRL,"   3.2854","2018-03-27 08:09:40"
364,USDPEN,"   3.2636","2018-03-27 08:09:40"
365,EURBRL,"   4.0375","2018-03-27 08:09:40"
366,EURMXN,"  22.8444","2018-03-27 08:09:40"
367,USDMXN,"  18.5874","2018-03-27 08:11:38"
368,USDCOP,2848.5400,"2018-03-27 08:11:38"
369,USDBRL,"   3.2854","2018-03-27 08:11:38"
370,USDPEN,"   3.2636","2018-03-27 08:11:38"
371,EURBRL,"   4.0375","2018-03-27 08:11:38"
372,EURMXN,"  22.8444","2018-03-27 08:11:38"
373,USDMXN,"  18.5874","2018-03-27 08:45:48"
374,USDCOP,2848.5400,"2018-03-27 08:45:48"
375,USDBRL,"   3.2854","2018-03-27 08:45:48"
376,USDPEN,"   3.2636","2018-03-27 08:45:48"
377,EURBRL,"   4.0375","2018-03-27 08:45:48"
378,EURMXN,"  22.8444","2018-03-27 08:45:48"
379,USDMXN,"  18.5874","2018-03-27 10:05:51"
380,USDCOP,2848.5400,"2018-03-27 10:05:51"
381,USDBRL,"   3.2854","2018-03-27 10:05:51"
382,USDPEN,"   3.2636","2018-03-27 10:05:51"
383,EURBRL,"   4.0375","2018-03-27 10:05:51"
384,EURMXN,"  22.8444","2018-03-27 10:05:51"
385,USDMXN,"  18.5874","2018-03-27 10:06:01"
386,USDCOP,2848.5400,"2018-03-27 10:06:01"
387,USDBRL,"   3.2854","2018-03-27 10:06:01"
388,USDPEN,"   3.2636","2018-03-27 10:06:01"
389,EURBRL,"   4.0375","2018-03-27 10:06:01"
390,EURMXN,"  22.8444","2018-03-27 10:06:01"
391,USDMXN,"  18.5874","2018-03-27 12:33:34"
392,USDCOP,2848.5400,"2018-03-27 12:33:34"
393,USDBRL,"   3.2854","2018-03-27 12:33:34"
394,USDPEN,"   3.2636","2018-03-27 12:33:34"
395,EURBRL,"   4.0375","2018-03-27 12:33:34"
396,EURMXN,"  22.8444","2018-03-27 12:33:34"
397,USDMXN,"  18.5874","2018-03-27 13:03:17"
398,USDCOP,2848.5400,"2018-03-27 13:03:17"
399,USDBRL,"   3.2854","2018-03-27 13:03:17"
400,USDPEN,"   3.2636","2018-03-27 13:03:17"
401,EURBRL,"   4.0375","2018-03-27 13:03:17"
402,EURMXN,"  22.8444","2018-03-27 13:03:17"
403,USDMXN,"  18.5874","2018-03-28 07:15:09"
404,USDCOP,2848.5400,"2018-03-28 07:15:09"
405,USDBRL,"   3.2854","2018-03-28 07:15:09"
406,USDPEN,"   3.2636","2018-03-28 07:15:09"
407,EURBRL,"   4.0375","2018-03-28 07:15:09"
408,EURMXN,"  22.8444","2018-03-28 07:15:09"
409,USDMXN,"  18.5874","2018-03-28 07:16:02"
410,USDCOP,2848.5400,"2018-03-28 07:16:02"
411,USDBRL,"   3.2854","2018-03-28 07:16:02"
412,USDPEN,"   3.2636","2018-03-28 07:16:02"
413,EURBRL,"   4.0375","2018-03-28 07:16:02"
414,EURMXN,"  22.8444","2018-03-28 07:16:02"
415,USDMXN,"  18.5874","2018-03-28 07:16:28"
416,USDCOP,2848.5400,"2018-03-28 07:16:28"
417,USDBRL,"   3.2854","2018-03-28 07:16:28"
418,USDPEN,"   3.2636","2018-03-28 07:16:28"
419,EURBRL,"   4.0375","2018-03-28 07:16:28"
420,EURMXN,"  22.8444","2018-03-28 07:16:28"
421,USDMXN,"  18.5874","2018-03-28 07:52:21"
422,USDCOP,2848.5400,"2018-03-28 07:52:21"
423,USDBRL,"   3.2854","2018-03-28 07:52:21"
424,USDPEN,"   3.2636","2018-03-28 07:52:21"
425,EURBRL,"   4.0375","2018-03-28 07:52:21"
426,EURMXN,"  22.8444","2018-03-28 07:52:21"
427,USDMXN,"  18.5874","2018-03-28 08:13:46"
428,USDCOP,2848.5400,"2018-03-28 08:13:46"
429,USDBRL,"   3.2854","2018-03-28 08:13:46"
430,USDPEN,"   3.2636","2018-03-28 08:13:46"
431,EURBRL,"   4.0375","2018-03-28 08:13:46"
432,EURMXN,"  22.8444","2018-03-28 08:13:46"
433,USDMXN,"  18.5874","2018-03-28 08:16:28"
434,USDCOP,2848.5400,"2018-03-28 08:16:28"
435,USDBRL,"   3.2854","2018-03-28 08:16:28"
436,USDPEN,"   3.2636","2018-03-28 08:16:28"
437,EURBRL,"   4.0375","2018-03-28 08:16:28"
438,EURMXN,"  22.8444","2018-03-28 08:16:28"
439,USDMXN,"  18.5874","2018-03-28 08:24:33"
440,USDCOP,2848.5400,"2018-03-28 08:24:33"
441,USDBRL,"   3.2854","2018-03-28 08:24:33"
442,USDPEN,"   3.2636","2018-03-28 08:24:33"
443,EURBRL,"   4.0375","2018-03-28 08:24:33"
444,EURMXN,"  22.8444","2018-03-28 08:24:33"
445,USDMXN,"  18.5874","2018-03-28 09:45:27"
446,USDCOP,2848.5400,"2018-03-28 09:45:27"
447,USDBRL,"   3.2854","2018-03-28 09:45:27"
448,USDPEN,"   3.2636","2018-03-28 09:45:27"
449,EURBRL,"   4.0375","2018-03-28 09:45:27"
450,EURMXN,"  22.8444","2018-03-28 09:45:27"
451,USDMXN,"  18.2932","2018-03-29 07:01:08"
452,USDCOP,2795.3100,"2018-03-29 07:01:08"
453,USDBRL,"   3.3407","2018-03-29 07:01:08"
454,USDPEN,"   3.2301","2018-03-29 07:01:08"
455,EURBRL,"   4.1159","2018-03-29 07:01:08"
456,EURMXN,"  22.5347","2018-03-29 07:01:08"
457,USDMXN,"  18.2106","2018-04-02 07:38:07"
458,USDCOP,2794.0600,"2018-04-02 07:38:07"
459,USDBRL,"   3.3063","2018-04-02 07:38:07"
460,USDPEN,"   3.2275","2018-04-02 07:38:07"
461,EURBRL,"   4.0668","2018-04-02 07:38:07"
462,EURMXN,"  22.4678","2018-04-02 07:38:07"
463,USDMXN,"  18.2559","2018-04-02 10:52:46"
464,USDCOP,2787.7500,"2018-04-02 10:52:46"
465,USDBRL,"   3.3082","2018-04-02 10:52:46"
466,USDPEN,"   3.2275","2018-04-02 10:52:46"
467,EURBRL,"   4.0756","2018-04-02 10:52:46"
468,EURMXN,"  22.4893","2018-04-02 10:52:46"
469,USDMXN,"  18.2559","2018-04-02 11:00:42"
470,USDCOP,2787.7500,"2018-04-02 11:00:42"
471,USDBRL,"   3.3082","2018-04-02 11:00:42"
472,USDPEN,"   3.2275","2018-04-02 11:00:42"
473,EURBRL,"   4.0756","2018-04-02 11:00:42"
474,EURMXN,"  22.4893","2018-04-02 11:00:42"
475,USDMXN,"  18.2292","2018-04-03 06:48:23"
476,USDCOP,2802.9100,"2018-04-03 06:48:23"
477,USDBRL,"   3.3132","2018-04-03 06:48:23"
478,USDPEN,"   3.2273","2018-04-03 06:48:23"
479,EURBRL,"   4.0765","2018-04-03 06:48:23"
480,EURMXN,"  22.4089","2018-04-03 06:48:23"
481,USDMXN,"  18.2292","2018-04-03 08:39:09"
482,USDCOP,2802.9100,"2018-04-03 08:39:09"
483,USDBRL,"   3.3132","2018-04-03 08:39:09"
484,USDPEN,"   3.2273","2018-04-03 08:39:09"
485,EURBRL,"   4.0765","2018-04-03 08:39:09"
486,EURMXN,"  22.4089","2018-04-03 08:39:09"
487,USDMXN,"  18.2292","2018-04-04 07:11:58"
488,USDCOP,2802.9100,"2018-04-04 07:11:58"
489,USDBRL,"   3.3132","2018-04-04 07:11:58"
490,USDPEN,"   3.2273","2018-04-04 07:11:58"
491,EURBRL,"   4.0765","2018-04-04 07:11:58"
492,EURMXN,"  22.4089","2018-04-04 07:11:58"
493,USDMXN,"  18.2292","2018-04-04 07:15:59"
494,USDCOP,2802.9100,"2018-04-04 07:15:59"
495,USDBRL,"   3.3132","2018-04-04 07:15:59"
496,USDPEN,"   3.2273","2018-04-04 07:15:59"
497,EURBRL,"   4.0765","2018-04-04 07:15:59"
498,EURMXN,"  22.4089","2018-04-04 07:15:59"
499,USDMXN,"  18.2292","2018-04-04 07:48:22"
500,USDCOP,2802.9100,"2018-04-04 07:48:22"
501,USDBRL,"   3.3132","2018-04-04 07:48:22"
502,USDPEN,"   3.2273","2018-04-04 07:48:22"
503,EURBRL,"   4.0765","2018-04-04 07:48:22"
504,EURMXN,"  22.4089","2018-04-04 07:48:22"
505,USDMXN,"  18.2292","2018-04-04 07:48:52"
506,USDCOP,2802.9100,"2018-04-04 07:48:52"
507,USDBRL,"   3.3132","2018-04-04 07:48:52"
508,USDPEN,"   3.2273","2018-04-04 07:48:52"
509,EURBRL,"   4.0765","2018-04-04 07:48:52"
510,EURMXN,"  22.4089","2018-04-04 07:48:52"
511,USDMXN,"  18.2292","2018-04-04 07:52:08"
512,USDCOP,2802.9100,"2018-04-04 07:52:08"
513,USDBRL,"   3.3132","2018-04-04 07:52:08"
514,USDPEN,"   3.2273","2018-04-04 07:52:08"
515,EURBRL,"   4.0765","2018-04-04 07:52:08"
516,EURMXN,"  22.4089","2018-04-04 07:52:08"
517,USDMXN,"  18.2292","2018-04-04 07:54:48"
518,USDCOP,2802.9100,"2018-04-04 07:54:48"
519,USDBRL,"   3.3132","2018-04-04 07:54:48"
520,USDPEN,"   3.2273","2018-04-04 07:54:48"
521,EURBRL,"   4.0765","2018-04-04 07:54:48"
522,EURMXN,"  22.4089","2018-04-04 07:54:48"
523,USDMXN,"  18.2292","2018-04-04 07:55:36"
524,USDCOP,2802.9100,"2018-04-04 07:55:36"
525,USDBRL,"   3.3132","2018-04-04 07:55:36"
526,USDPEN,"   3.2273","2018-04-04 07:55:36"
527,EURBRL,"   4.0765","2018-04-04 07:55:36"
528,EURMXN,"  22.4089","2018-04-04 07:55:36"
529,USDMXN,"  18.2292","2018-04-04 10:20:11"
530,USDCOP,2802.9100,"2018-04-04 10:20:11"
531,USDBRL,"   3.3132","2018-04-04 10:20:11"
532,USDPEN,"   3.2273","2018-04-04 10:20:11"
533,EURBRL,"   4.0765","2018-04-04 10:20:11"
534,EURMXN,"  22.4089","2018-04-04 10:20:11"
535,USDMXN,"  18.2292","2018-04-04 11:04:41"
536,USDCOP,2802.9100,"2018-04-04 11:04:41"
537,USDBRL,"   3.3132","2018-04-04 11:04:41"
538,USDPEN,"   3.2273","2018-04-04 11:04:41"
539,EURBRL,"   4.0765","2018-04-04 11:04:41"
540,EURMXN,"  22.4089","2018-04-04 11:04:41"
541,USDMXN,"  18.2292","2018-04-04 12:37:25"
542,USDCOP,2802.9100,"2018-04-04 12:37:25"
543,USDBRL,"   3.3132","2018-04-04 12:37:25"
544,USDPEN,"   3.2273","2018-04-04 12:37:25"
545,EURBRL,"   4.0765","2018-04-04 12:37:25"
546,EURMXN,"  22.4089","2018-04-04 12:37:25"
547,USDMXN,"  18.2292","2018-04-04 12:53:49"
548,USDCOP,2802.9100,"2018-04-04 12:53:49"
549,USDBRL,"   3.3132","2018-04-04 12:53:49"
550,USDPEN,"   3.2273","2018-04-04 12:53:49"
551,EURBRL,"   4.0765","2018-04-04 12:53:49"
552,EURMXN,"  22.4089","2018-04-04 12:53:49"
553,USDMXN,"  18.2292","2018-04-04 13:09:57"
554,USDCOP,2802.9100,"2018-04-04 13:09:57"
555,USDBRL,"   3.3132","2018-04-04 13:09:57"
556,USDPEN,"   3.2273","2018-04-04 13:09:57"
557,EURBRL,"   4.0765","2018-04-04 13:09:57"
558,EURMXN,"  22.4089","2018-04-04 13:09:57"
559,USDMXN,"  18.2292","2018-04-05 07:17:31"
560,USDCOP,2802.9100,"2018-04-05 07:17:31"
561,USDBRL,"   3.3132","2018-04-05 07:17:31"
562,USDPEN,"   3.2273","2018-04-05 07:17:31"
563,EURBRL,"   4.0765","2018-04-05 07:17:31"
564,EURMXN,"  22.4089","2018-04-05 07:17:31"
565,USDMXN,"  18.2292","2018-04-05 07:37:09"
566,USDCOP,2802.9100,"2018-04-05 07:37:09"
567,USDBRL,"   3.3132","2018-04-05 07:37:09"
568,USDPEN,"   3.2273","2018-04-05 07:37:09"
569,EURBRL,"   4.0765","2018-04-05 07:37:09"
570,EURMXN,"  22.4089","2018-04-05 07:37:09"
571,USDMXN,"  18.2292","2018-04-05 07:39:48"
572,USDCOP,2802.9100,"2018-04-05 07:39:48"
573,USDBRL,"   3.3132","2018-04-05 07:39:48"
574,USDPEN,"   3.2273","2018-04-05 07:39:48"
575,EURBRL,"   4.0765","2018-04-05 07:39:48"
576,EURMXN,"  22.4089","2018-04-05 07:39:48"
577,USDMXN,"  18.2292","2018-04-05 10:02:14"
578,USDCOP,2802.9100,"2018-04-05 10:02:14"
579,USDBRL,"   3.3132","2018-04-05 10:02:14"
580,USDPEN,"   3.2273","2018-04-05 10:02:14"
581,EURBRL,"   4.0765","2018-04-05 10:02:14"
582,EURMXN,"  22.4089","2018-04-05 10:02:14"
583,USDMXN,"  18.2292","2018-04-05 11:38:29"
584,USDCOP,2802.9100,"2018-04-05 11:38:29"
585,USDBRL,"   3.3132","2018-04-05 11:38:29"
586,USDPEN,"   3.2273","2018-04-05 11:38:29"
587,EURBRL,"   4.0765","2018-04-05 11:38:29"
588,EURMXN,"  22.4089","2018-04-05 11:38:29"
589,USDMXN,"  18.2292","2018-04-05 11:40:02"
590,USDCOP,2802.9100,"2018-04-05 11:40:02"
591,USDBRL,"   3.3132","2018-04-05 11:40:02"
592,USDPEN,"   3.2273","2018-04-05 11:40:02"
593,EURBRL,"   4.0765","2018-04-05 11:40:02"
594,EURMXN,"  22.4089","2018-04-05 11:40:02"
595,USDMXN,"  18.2292","2018-04-05 12:46:36"
596,USDCOP,2802.9100,"2018-04-05 12:46:36"
597,USDBRL,"   3.3132","2018-04-05 12:46:36"
598,USDPEN,"   3.2273","2018-04-05 12:46:36"
599,EURBRL,"   4.0765","2018-04-05 12:46:36"
600,EURMXN,"  22.4089","2018-04-05 12:46:36"
601,USDMXN,"  18.2292","2018-04-06 07:15:26"
602,USDCOP,2802.9100,"2018-04-06 07:15:26"
603,USDBRL,"   3.3132","2018-04-06 07:15:26"
604,USDPEN,"   3.2273","2018-04-06 07:15:26"
605,EURBRL,"   4.0765","2018-04-06 07:15:26"
606,EURMXN,"  22.4089","2018-04-06 07:15:26"
607,USDMXN,"  18.2292","2018-04-06 07:19:23"
608,USDCOP,2802.9100,"2018-04-06 07:19:23"
609,USDBRL,"   3.3132","2018-04-06 07:19:23"
610,USDPEN,"   3.2273","2018-04-06 07:19:23"
611,EURBRL,"   4.0765","2018-04-06 07:19:23"
612,EURMXN,"  22.4089","2018-04-06 07:19:23"
613,USDMXN,"  18.2025","2018-04-06 07:35:10"
614,USDCOP,2790.9000,"2018-04-06 07:35:10"
615,USDBRL,"   3.3436","2018-04-06 07:35:10"
616,USDPEN,"   3.2282","2018-04-06 07:35:10"
617,EURBRL,"   4.0923","2018-04-06 07:35:10"
618,EURMXN,"  22.2751","2018-04-06 07:35:10"
619,USDMXN,"  18.2025","2018-04-06 07:35:59"
620,USDCOP,2790.9000,"2018-04-06 07:35:59"
621,USDBRL,"   3.3436","2018-04-06 07:35:59"
622,USDPEN,"   3.2282","2018-04-06 07:35:59"
623,EURBRL,"   4.0923","2018-04-06 07:35:59"
624,EURMXN,"  22.2751","2018-04-06 07:35:59"
625,USDMXN,"  18.2025","2018-04-06 07:51:17"
626,USDCOP,2790.9000,"2018-04-06 07:51:17"
627,USDBRL,"   3.3436","2018-04-06 07:51:17"
628,USDPEN,"   3.2282","2018-04-06 07:51:17"
629,EURBRL,"   4.0923","2018-04-06 07:51:17"
630,EURMXN,"  22.2751","2018-04-06 07:51:17"
631,USDMXN,"  18.2025","2018-04-06 07:52:45"
632,USDCOP,2790.9000,"2018-04-06 07:52:45"
633,USDBRL,"   3.3436","2018-04-06 07:52:45"
634,USDPEN,"   3.2282","2018-04-06 07:52:45"
635,EURBRL,"   4.0923","2018-04-06 07:52:45"
636,EURMXN,"  22.2751","2018-04-06 07:52:45"
637,USDMXN,"  18.2025","2018-04-06 07:59:13"
638,USDCOP,2790.9000,"2018-04-06 07:59:13"
639,USDBRL,"   3.3436","2018-04-06 07:59:13"
640,USDPEN,"   3.2282","2018-04-06 07:59:13"
641,EURBRL,"   4.0923","2018-04-06 07:59:13"
642,EURMXN,"  22.2751","2018-04-06 07:59:13"
643,USDMXN,"  18.2025","2018-04-06 08:58:42"
644,USDCOP,2790.9000,"2018-04-06 08:58:42"
645,USDBRL,"   3.3436","2018-04-06 08:58:42"
646,USDPEN,"   3.2282","2018-04-06 08:58:42"
647,EURBRL,"   4.0923","2018-04-06 08:58:42"
648,EURMXN,"  22.2751","2018-04-06 08:58:42"
649,USDMXN,"  18.2025","2018-04-06 09:04:53"
650,USDCOP,2790.9000,"2018-04-06 09:04:53"
651,USDBRL,"   3.3436","2018-04-06 09:04:53"
652,USDPEN,"   3.2282","2018-04-06 09:04:53"
653,EURBRL,"   4.0923","2018-04-06 09:04:53"
654,EURMXN,"  22.2751","2018-04-06 09:04:53"
655,USDMXN,"  18.2025","2018-04-06 09:08:12"
656,USDCOP,2790.9000,"2018-04-06 09:08:12"
657,USDBRL,"   3.3436","2018-04-06 09:08:12"
658,USDPEN,"   3.2282","2018-04-06 09:08:12"
659,EURBRL,"   4.0923","2018-04-06 09:08:12"
660,EURMXN,"  22.2751","2018-04-06 09:08:12"
661,USDMXN,"  18.2025","2018-04-06 09:09:08"
662,USDCOP,2790.9000,"2018-04-06 09:09:08"
663,USDBRL,"   3.3436","2018-04-06 09:09:08"
664,USDPEN,"   3.2282","2018-04-06 09:09:08"
665,EURBRL,"   4.0923","2018-04-06 09:09:08"
666,EURMXN,"  22.2751","2018-04-06 09:09:08"
667,USDMXN,"  18.2025","2018-04-06 09:10:47"
668,USDCOP,2790.9000,"2018-04-06 09:10:47"
669,USDBRL,"   3.3436","2018-04-06 09:10:47"
670,USDPEN,"   3.2282","2018-04-06 09:10:47"
671,EURBRL,"   4.0923","2018-04-06 09:10:47"
672,EURMXN,"  22.2751","2018-04-06 09:10:47"
673,USDMXN,"  18.2025","2018-04-06 09:13:19"
674,USDCOP,2790.9000,"2018-04-06 09:13:19"
675,USDBRL,"   3.3436","2018-04-06 09:13:19"
676,USDPEN,"   3.2282","2018-04-06 09:13:19"
677,EURBRL,"   4.0923","2018-04-06 09:13:19"
678,EURMXN,"  22.2751","2018-04-06 09:13:19"
679,USDMXN,"  18.2025","2018-04-06 10:11:18"
680,USDCOP,2790.9000,"2018-04-06 10:11:18"
681,USDBRL,"   3.3436","2018-04-06 10:11:18"
682,USDPEN,"   3.2282","2018-04-06 10:11:18"
683,EURBRL,"   4.0923","2018-04-06 10:11:18"
684,EURMXN,"  22.2751","2018-04-06 10:11:18"
685,USDMXN,"  18.2025","2018-04-06 10:14:50"
686,USDCOP,2790.9000,"2018-04-06 10:14:50"
687,USDBRL,"   3.3436","2018-04-06 10:14:50"
688,USDPEN,"   3.2282","2018-04-06 10:14:50"
689,EURBRL,"   4.0923","2018-04-06 10:14:50"
690,EURMXN,"  22.2751","2018-04-06 10:14:50"
691,USDMXN,"  18.2025","2018-04-06 10:28:55"
692,USDCOP,2790.9000,"2018-04-06 10:28:55"
693,USDBRL,"   3.3436","2018-04-06 10:28:55"
694,USDPEN,"   3.2282","2018-04-06 10:28:55"
695,EURBRL,"   4.0923","2018-04-06 10:28:55"
696,EURMXN,"  22.2751","2018-04-06 10:28:55"
697,USDMXN,"  18.2025","2018-04-06 14:06:23"
698,USDCOP,2790.9000,"2018-04-06 14:06:23"
699,USDBRL,"   3.3436","2018-04-06 14:06:23"
700,USDPEN,"   3.2282","2018-04-06 14:06:23"
701,EURBRL,"   4.0923","2018-04-06 14:06:23"
702,EURMXN,"  22.2751","2018-04-06 14:06:23"
703,USDMXN,"  18.2025","2018-04-09 07:06:09"
704,USDCOP,2790.9000,"2018-04-09 07:06:09"
705,USDBRL,"   3.3436","2018-04-09 07:06:09"
706,USDPEN,"   3.2282","2018-04-09 07:06:09"
707,EURBRL,"   4.0923","2018-04-09 07:06:09"
708,EURMXN,"  22.2751","2018-04-09 07:06:09"
709,USDMXN,"  18.2025","2018-04-09 07:12:20"
710,USDCOP,2790.9000,"2018-04-09 07:12:20"
711,USDBRL,"   3.3436","2018-04-09 07:12:20"
712,USDPEN,"   3.2282","2018-04-09 07:12:20"
713,EURBRL,"   4.0923","2018-04-09 07:12:20"
714,EURMXN,"  22.2751","2018-04-09 07:12:20"
715,USDMXN,"  18.3709","2018-04-09 08:42:10"
716,USDCOP,2792.8700,"2018-04-09 08:42:10"
717,USDBRL,"   3.3703","2018-04-09 08:42:10"
718,USDPEN,"   3.2381","2018-04-09 08:42:10"
719,EURBRL,"   4.1480","2018-04-09 08:42:10"
720,EURMXN,"  22.6106","2018-04-09 08:42:10"
721,USDMXN,"  18.3709","2018-04-10 07:16:47"
722,USDCOP,2792.8700,"2018-04-10 07:16:47"
723,USDBRL,"   3.3703","2018-04-10 07:16:47"
724,USDPEN,"   3.2381","2018-04-10 07:16:47"
725,EURBRL,"   4.1480","2018-04-10 07:16:47"
726,EURMXN,"  22.6106","2018-04-10 07:16:47"
727,USDMXN,"  18.2612","2018-04-10 14:40:52"
728,USDCOP,2770.0000,"2018-04-10 14:40:52"
729,USDBRL,"   3.4176","2018-04-10 14:40:52"
730,USDPEN,"   3.2407","2018-04-10 14:40:52"
731,EURBRL,"   4.2238","2018-04-10 14:40:52"
732,EURMXN,"  22.5655","2018-04-10 14:40:52"
733,USDMXN,"  18.2612","2018-04-11 07:11:13"
734,USDCOP,2770.0000,"2018-04-11 07:11:13"
735,USDBRL,"   3.4176","2018-04-11 07:11:13"
736,USDPEN,"   3.2407","2018-04-11 07:11:13"
737,EURBRL,"   4.2238","2018-04-11 07:11:13"
738,EURMXN,"  22.5655","2018-04-11 07:11:13"
739,USDMXN,"  18.2612","2018-04-11 08:14:38"
740,USDCOP,2770.0000,"2018-04-11 08:14:38"
741,USDBRL,"   3.4176","2018-04-11 08:14:38"
742,USDPEN,"   3.2407","2018-04-11 08:14:38"
743,EURBRL,"   4.2238","2018-04-11 08:14:38"
744,EURMXN,"  22.5655","2018-04-11 08:14:38"
745,USDMXN,"  18.2612","2018-04-11 08:15:16"
746,USDCOP,2770.0000,"2018-04-11 08:15:16"
747,USDBRL,"   3.4176","2018-04-11 08:15:16"
748,USDPEN,"   3.2407","2018-04-11 08:15:16"
749,EURBRL,"   4.2238","2018-04-11 08:15:16"
750,EURMXN,"  22.5655","2018-04-11 08:15:16"
751,USDMXN,"  18.2612","2018-04-11 09:49:41"
752,USDCOP,2770.0000,"2018-04-11 09:49:41"
753,USDBRL,"   3.4176","2018-04-11 09:49:41"
754,USDPEN,"   3.2407","2018-04-11 09:49:41"
755,EURBRL,"   4.2238","2018-04-11 09:49:41"
756,EURMXN,"  22.5655","2018-04-11 09:49:41"
757,USDMXN,"  18.2612","2018-04-11 11:00:01"
758,USDCOP,2770.0000,"2018-04-11 11:00:01"
759,USDBRL,"   3.4176","2018-04-11 11:00:01"
760,USDPEN,"   3.2407","2018-04-11 11:00:01"
761,EURBRL,"   4.2238","2018-04-11 11:00:01"
762,EURMXN,"  22.5655","2018-04-11 11:00:01"
763,USDMXN,"  18.2612","2018-04-11 11:21:14"
764,USDCOP,2770.0000,"2018-04-11 11:21:14"
765,USDBRL,"   3.4176","2018-04-11 11:21:14"
766,USDPEN,"   3.2407","2018-04-11 11:21:14"
767,EURBRL,"   4.2238","2018-04-11 11:21:14"
768,EURMXN,"  22.5655","2018-04-11 11:21:14"
769,USDMXN,"  18.2242","2018-04-11 13:33:14"
770,USDCOP,2719.3000,"2018-04-11 13:33:14"
771,USDBRL,"   3.3795","2018-04-11 13:33:14"
772,USDPEN,"   3.2330","2018-04-11 13:33:14"
773,EURBRL,"   4.1770","2018-04-11 13:33:14"
774,EURMXN,"  22.5213","2018-04-11 13:33:14"
775,USDMXN,"  18.2242","2018-04-11 14:33:51"
776,USDCOP,2719.3000,"2018-04-11 14:33:51"
777,USDBRL,"   3.3795","2018-04-11 14:33:51"
778,USDPEN,"   3.2330","2018-04-11 14:33:51"
779,EURBRL,"   4.1770","2018-04-11 14:33:51"
780,EURMXN,"  22.5213","2018-04-11 14:33:51"
781,USDMXN,"  18.2242","2018-04-12 10:01:09"
782,USDCOP,2719.3000,"2018-04-12 10:01:09"
783,USDBRL,"   3.3795","2018-04-12 10:01:09"
784,USDPEN,"   3.2330","2018-04-12 10:01:09"
785,EURBRL,"   4.1770","2018-04-12 10:01:09"
786,EURMXN,"  22.5213","2018-04-12 10:01:09"
787,USDMXN,"  18.2242","2018-04-12 10:17:52"
788,USDCOP,2719.3000,"2018-04-12 10:17:52"
789,USDBRL,"   3.3795","2018-04-12 10:17:52"
790,USDPEN,"   3.2330","2018-04-12 10:17:52"
791,EURBRL,"   4.1770","2018-04-12 10:17:52"
792,EURMXN,"  22.5213","2018-04-12 10:17:52"
793,USDMXN,"  18.2242","2018-04-12 13:09:39"
794,USDCOP,2719.3000,"2018-04-12 13:09:39"
795,USDBRL,"   3.3795","2018-04-12 13:09:39"
796,USDPEN,"   3.2330","2018-04-12 13:09:39"
797,EURBRL,"   4.1770","2018-04-12 13:09:39"
798,EURMXN,"  22.5213","2018-04-12 13:09:39"
799,USDMXN,"  18.1802","2018-04-12 14:13:58"
800,USDCOP,2706.3700,"2018-04-12 14:13:58"
801,USDBRL,"   3.4002","2018-04-12 14:13:58"
802,USDPEN,"   3.2248","2018-04-12 14:13:58"
803,EURBRL,"   4.1932","2018-04-12 14:13:58"
804,EURMXN,"  22.4173","2018-04-12 14:13:58"
805,USDMXN,"  18.1802","2018-04-13 06:58:32"
806,USDCOP,2706.3700,"2018-04-13 06:58:32"
807,USDBRL,"   3.4002","2018-04-13 06:58:32"
808,USDPEN,"   3.2248","2018-04-13 06:58:32"
809,EURBRL,"   4.1932","2018-04-13 06:58:32"
810,EURMXN,"  22.4173","2018-04-13 06:58:32"
811,USDMXN,"  18.1802","2018-04-13 07:05:05"
812,USDCOP,2706.3700,"2018-04-13 07:05:05"
813,USDBRL,"   3.4002","2018-04-13 07:05:05"
814,USDPEN,"   3.2248","2018-04-13 07:05:05"
815,EURBRL,"   4.1932","2018-04-13 07:05:05"
816,EURMXN,"  22.4173","2018-04-13 07:05:05"
817,USDMXN,"  18.1802","2018-04-13 07:44:36"
818,USDCOP,2706.3700,"2018-04-13 07:44:36"
819,USDBRL,"   3.4002","2018-04-13 07:44:36"
820,USDPEN,"   3.2248","2018-04-13 07:44:36"
821,EURBRL,"   4.1932","2018-04-13 07:44:36"
822,EURMXN,"  22.4173","2018-04-13 07:44:36"
823,USDMXN,"  18.1802","2018-04-13 10:14:05"
824,USDCOP,2706.3700,"2018-04-13 10:14:05"
825,USDBRL,"   3.4002","2018-04-13 10:14:05"
826,USDPEN,"   3.2248","2018-04-13 10:14:05"
827,EURBRL,"   4.1932","2018-04-13 10:14:05"
828,EURMXN,"  22.4173","2018-04-13 10:14:05"
829,USDMXN,"  18.1802","2018-04-13 12:24:23"
830,USDCOP,2706.3700,"2018-04-13 12:24:23"
831,USDBRL,"   3.4002","2018-04-13 12:24:23"
832,USDPEN,"   3.2248","2018-04-13 12:24:23"
833,EURBRL,"   4.1932","2018-04-13 12:24:23"
834,EURMXN,"  22.4173","2018-04-13 12:24:23"
835,USDMXN,"  18.1802","2018-04-16 07:11:31"
836,USDCOP,2706.3700,"2018-04-16 07:11:31"
837,USDBRL,"   3.4002","2018-04-16 07:11:31"
838,USDPEN,"   3.2248","2018-04-16 07:11:31"
839,EURBRL,"   4.1932","2018-04-16 07:11:31"
840,EURMXN,"  22.4173","2018-04-16 07:11:31"
841,USDMXN,"  18.1802","2018-04-16 08:14:28"
842,USDCOP,2706.3700,"2018-04-16 08:14:28"
843,USDBRL,"   3.4002","2018-04-16 08:14:28"
844,USDPEN,"   3.2248","2018-04-16 08:14:28"
845,EURBRL,"   4.1932","2018-04-16 08:14:28"
846,EURMXN,"  22.4173","2018-04-16 08:14:28"
847,USDMXN,"  18.1802","2018-04-16 10:34:56"
848,USDCOP,2706.3700,"2018-04-16 10:34:56"
849,USDBRL,"   3.4002","2018-04-16 10:34:56"
850,USDPEN,"   3.2248","2018-04-16 10:34:56"
851,EURBRL,"   4.1932","2018-04-16 10:34:56"
852,EURMXN,"  22.4173","2018-04-16 10:34:56"
853,USDMXN,"  18.1802","2018-04-17 07:19:41"
854,USDCOP,2706.3700,"2018-04-17 07:19:41"
855,USDBRL,"   3.4002","2018-04-17 07:19:41"
856,USDPEN,"   3.2248","2018-04-17 07:19:41"
857,EURBRL,"   4.1932","2018-04-17 07:19:41"
858,EURMXN,"  22.4173","2018-04-17 07:19:41"
859,USDMXN,"  18.1802","2018-04-17 07:36:23"
860,USDCOP,2706.3700,"2018-04-17 07:36:23"
861,USDBRL,"   3.4002","2018-04-17 07:36:23"
862,USDPEN,"   3.2248","2018-04-17 07:36:23"
863,EURBRL,"   4.1932","2018-04-17 07:36:23"
864,EURMXN,"  22.4173","2018-04-17 07:36:23"
865,USDMXN,"  18.1802","2018-04-17 07:49:27"
866,USDCOP,2706.3700,"2018-04-17 07:49:27"
867,USDBRL,"   3.4002","2018-04-17 07:49:27"
868,USDPEN,"   3.2248","2018-04-17 07:49:27"
869,EURBRL,"   4.1932","2018-04-17 07:49:27"
870,EURMXN,"  22.4173","2018-04-17 07:49:27"
871,USDMXN,"  18.1802","2018-04-17 08:03:47"
872,USDCOP,2706.3700,"2018-04-17 08:03:47"
873,USDBRL,"   3.4002","2018-04-17 08:03:47"
874,USDPEN,"   3.2248","2018-04-17 08:03:47"
875,EURBRL,"   4.1932","2018-04-17 08:03:47"
876,EURMXN,"  22.4173","2018-04-17 08:03:47"
877,USDMXN,"  18.1802","2018-04-17 08:49:41"
878,USDCOP,2706.3700,"2018-04-17 08:49:41"
879,USDBRL,"   3.4002","2018-04-17 08:49:41"
880,USDPEN,"   3.2248","2018-04-17 08:49:41"
881,EURBRL,"   4.1932","2018-04-17 08:49:41"
882,EURMXN,"  22.4173","2018-04-17 08:49:41"
883,USDMXN,"  18.1802","2018-04-17 08:50:56"
884,USDCOP,2706.3700,"2018-04-17 08:50:56"
885,USDBRL,"   3.4002","2018-04-17 08:50:56"
886,USDPEN,"   3.2248","2018-04-17 08:50:56"
887,EURBRL,"   4.1932","2018-04-17 08:50:56"
888,EURMXN,"  22.4173","2018-04-17 08:50:56"
889,USDMXN,"  18.1802","2018-04-17 08:52:27"
890,USDCOP,2706.3700,"2018-04-17 08:52:27"
891,USDBRL,"   3.4002","2018-04-17 08:52:27"
892,USDPEN,"   3.2248","2018-04-17 08:52:27"
893,EURBRL,"   4.1932","2018-04-17 08:52:27"
894,EURMXN,"  22.4173","2018-04-17 08:52:27"
895,USDMXN,"  18.1802","2018-04-17 10:23:14"
896,USDCOP,2706.3700,"2018-04-17 10:23:14"
897,USDBRL,"   3.4002","2018-04-17 10:23:14"
898,USDPEN,"   3.2248","2018-04-17 10:23:14"
899,EURBRL,"   4.1932","2018-04-17 10:23:14"
900,EURMXN,"  22.4173","2018-04-17 10:23:14"
901,USDMXN,"  18.1802","2018-04-18 07:10:33"
902,USDCOP,2706.3700,"2018-04-18 07:10:33"
903,USDBRL,"   3.4002","2018-04-18 07:10:33"
904,USDPEN,"   3.2248","2018-04-18 07:10:33"
905,EURBRL,"   4.1932","2018-04-18 07:10:33"
906,EURMXN,"  22.4173","2018-04-18 07:10:33"
907,USDMXN,"  18.1802","2018-04-18 07:10:40"
908,USDCOP,2706.3700,"2018-04-18 07:10:40"
909,USDBRL,"   3.4002","2018-04-18 07:10:40"
910,USDPEN,"   3.2248","2018-04-18 07:10:40"
911,EURBRL,"   4.1932","2018-04-18 07:10:40"
912,EURMXN,"  22.4173","2018-04-18 07:10:40"
913,USDMXN,"  18.1802","2018-04-18 07:11:43"
914,USDCOP,2706.3700,"2018-04-18 07:11:43"
915,USDBRL,"   3.4002","2018-04-18 07:11:43"
916,USDPEN,"   3.2248","2018-04-18 07:11:43"
917,EURBRL,"   4.1932","2018-04-18 07:11:43"
918,EURMXN,"  22.4173","2018-04-18 07:11:43"
919,USDMXN,"  18.1802","2018-04-18 07:54:29"
920,USDCOP,2706.3700,"2018-04-18 07:54:29"
921,USDBRL,"   3.4002","2018-04-18 07:54:29"
922,USDPEN,"   3.2248","2018-04-18 07:54:29"
923,EURBRL,"   4.1932","2018-04-18 07:54:29"
924,EURMXN,"  22.4173","2018-04-18 07:54:29"
925,USDMXN,"  18.1802","2018-04-18 08:26:44"
926,USDCOP,2706.3700,"2018-04-18 08:26:44"
927,USDBRL,"   3.4002","2018-04-18 08:26:44"
928,USDPEN,"   3.2248","2018-04-18 08:26:44"
929,EURBRL,"   4.1932","2018-04-18 08:26:44"
930,EURMXN,"  22.4173","2018-04-18 08:26:44"
931,USDMXN,"  18.1802","2018-04-18 09:18:15"
932,USDCOP,2706.3700,"2018-04-18 09:18:15"
933,USDBRL,"   3.4002","2018-04-18 09:18:15"
934,USDPEN,"   3.2248","2018-04-18 09:18:15"
935,EURBRL,"   4.1932","2018-04-18 09:18:15"
936,EURMXN,"  22.4173","2018-04-18 09:18:15"
937,USDMXN,"  18.1802","2018-04-18 09:19:31"
938,USDCOP,2706.3700,"2018-04-18 09:19:31"
939,USDBRL,"   3.4002","2018-04-18 09:19:31"
940,USDPEN,"   3.2248","2018-04-18 09:19:31"
941,EURBRL,"   4.1932","2018-04-18 09:19:31"
942,EURMXN,"  22.4173","2018-04-18 09:19:31"
943,USDMXN,"  18.1802","2018-04-18 13:11:34"
944,USDCOP,2706.3700,"2018-04-18 13:11:34"
945,USDBRL,"   3.4002","2018-04-18 13:11:34"
946,USDPEN,"   3.2248","2018-04-18 13:11:34"
947,EURBRL,"   4.1932","2018-04-18 13:11:34"
948,EURMXN,"  22.4173","2018-04-18 13:11:34"
949,USDMXN,"  18.1802","2018-04-19 07:10:52"
950,USDCOP,2706.3700,"2018-04-19 07:10:52"
951,USDBRL,"   3.4002","2018-04-19 07:10:52"
952,USDPEN,"   3.2248","2018-04-19 07:10:52"
953,EURBRL,"   4.1932","2018-04-19 07:10:52"
954,EURMXN,"  22.4173","2018-04-19 07:10:52"
955,USDMXN,"  18.1802","2018-04-19 07:16:05"
956,USDCOP,2706.3700,"2018-04-19 07:16:05"
957,USDBRL,"   3.4002","2018-04-19 07:16:05"
958,USDPEN,"   3.2248","2018-04-19 07:16:05"
959,EURBRL,"   4.1932","2018-04-19 07:16:05"
960,EURMXN,"  22.4173","2018-04-19 07:16:05"
961,USDMXN,"  17.9827","2018-04-19 08:21:12"
962,USDCOP,2724.7200,"2018-04-19 08:21:12"
963,USDBRL,"   3.3956","2018-04-19 08:21:12"
964,USDPEN,"   3.2203","2018-04-19 08:21:12"
965,EURBRL,"   4.2061","2018-04-19 08:21:12"
966,EURMXN,"  22.2695","2018-04-19 08:21:12"
967,USDMXN,"  17.9827","2018-04-19 08:37:53"
968,USDCOP,2724.7200,"2018-04-19 08:37:53"
969,USDBRL,"   3.3956","2018-04-19 08:37:53"
970,USDPEN,"   3.2203","2018-04-19 08:37:53"
971,EURBRL,"   4.2061","2018-04-19 08:37:53"
972,EURMXN,"  22.2695","2018-04-19 08:37:53"
973,USDMXN,"  17.9827","2018-04-19 08:44:34"
974,USDCOP,2724.7200,"2018-04-19 08:44:34"
975,USDBRL,"   3.3956","2018-04-19 08:44:34"
976,USDPEN,"   3.2203","2018-04-19 08:44:34"
977,EURBRL,"   4.2061","2018-04-19 08:44:34"
978,EURMXN,"  22.2695","2018-04-19 08:44:34"
979,USDMXN,"  17.9827","2018-04-19 08:46:34"
980,USDCOP,2724.7200,"2018-04-19 08:46:34"
981,USDBRL,"   3.3956","2018-04-19 08:46:34"
982,USDPEN,"   3.2203","2018-04-19 08:46:34"
983,EURBRL,"   4.2061","2018-04-19 08:46:34"
984,EURMXN,"  22.2695","2018-04-19 08:46:34"
985,USDMXN,"  17.9827","2018-04-19 08:56:18"
986,USDCOP,2724.7200,"2018-04-19 08:56:18"
987,USDBRL,"   3.3956","2018-04-19 08:56:18"
988,USDPEN,"   3.2203","2018-04-19 08:56:18"
989,EURBRL,"   4.2061","2018-04-19 08:56:18"
990,EURMXN,"  22.2695","2018-04-19 08:56:18"
991,USDMXN,"  17.9827","2018-04-19 08:59:45"
992,USDCOP,2724.7200,"2018-04-19 08:59:45"
993,USDBRL,"   3.3956","2018-04-19 08:59:45"
994,USDPEN,"   3.2203","2018-04-19 08:59:45"
995,EURBRL,"   4.2061","2018-04-19 08:59:45"
996,EURMXN,"  22.2695","2018-04-19 08:59:45"
997,USDMXN,"  17.9827","2018-04-19 10:18:10"
998,USDCOP,2724.7200,"2018-04-19 10:18:10"
999,USDBRL,"   3.3956","2018-04-19 10:18:10"
1000,USDPEN,"   3.2203","2018-04-19 10:18:10"
