Fecha,"USSO1Z Curncy PX_LAST","USSOA Curncy PX_LAST","USSOB Curncy PX_LAST","USSOC Curncy PX_LAST","USSOF Curncy PX_LAST","USSOI Curncy PX_LAST","USSO1 Curncy PX_LAST"
2010-01-01,0.132,0.137,0.145,0.162,0.225,0.331,0.506
2010-01-04,0.132,0.134,0.146,0.162,0.215,0.3205,0.4665
2010-01-05,0.131,0.134,0.14,0.155,0.2055,0.293,0.435
2010-01-06,0.13,0.134,0.137,0.146,0.1895,0.2795,0.415
2010-01-07,0.125,0.1325,0.135,0.145,0.192,0.285,0.4185
2010-01-08,0.127,0.13,0.137,0.143,0.185,0.2625,0.3875
2010-01-11,0.12,0.133,0.134,0.143,0.1855,0.2575,0.3735
2010-01-12,0.125,0.1285,0.1305,0.1415,0.1765,0.2455,0.3553
2010-01-13,0.122,0.136,0.136,0.147,0.188,0.267,0.392
2010-01-14,0.121,0.1255,0.13,0.143,0.1755,0.246,0.365
2010-01-15,0.137,0.13,0.133,0.138,0.173,0.239,0.348
2010-01-18,0.126,0.125,0.13,0.141,0.174,0.238,0.342
2010-01-19,0.119,0.1295,0.1325,0.1415,0.1775,0.246,0.355
2010-01-20,0.138,0.1315,0.1335,0.141,0.174,0.242,0.358
2010-01-21,0.121,0.1335,0.1375,0.143,0.1685,0.228,0.332
2010-01-22,0.1385,0.1385,0.139,0.145,0.171,0.2235,0.32
2010-01-25,0.134,0.1375,0.141,0.147,0.169,0.225,0.325
2010-01-26,0.128,0.1345,0.1395,0.144,0.174,0.231,0.33
2010-01-27,0.127,0.1335,0.145,0.1473,0.175,0.241,0.3605
2010-01-28,0.128,0.135,0.142,0.15,0.175,0.23,0.3345
2010-01-29,0.128,0.135,0.14,0.144,0.17,0.226,0.32
2010-02-01,0.1255,0.1325,0.1395,0.145,0.1765,0.2375,0.3395
2010-02-02,0.132,0.1335,0.141,0.149,0.1785,0.24,0.34
2010-02-03,0.136,0.137,0.146,0.153,0.186,0.249,0.361
2010-02-04,0.13,0.1335,0.1415,0.15,0.1775,0.234,0.325
2010-02-05,0.135,0.135,0.148,0.148,0.175,0.223,0.311
2010-02-08,0.138,0.1375,0.145,0.154,0.178,0.235,0.323
2010-02-09,0.129,0.133,0.143,0.152,0.184,0.239,0.333
2010-02-10,0.129,0.1325,0.143,0.15,0.186,0.249,0.3495
2010-02-11,0.126,0.132,0.143,0.15,0.1885,0.249,0.3645
2010-02-12,0.13,0.131,0.144,0.154,0.188,0.253,0.348
2010-02-15,0.125,0.1299,0.145,0.153,0.182,0.244,0.346
2010-02-16,0.13,0.1315,0.14,0.147,0.179,0.239,0.3285
2010-02-17,0.119,0.132,0.14,0.1525,0.1815,0.2425,0.345
2010-02-18,0.1305,0.134,0.146,0.1645,0.203,0.276,0.382
2010-02-19,0.14,0.134,0.1495,0.167,0.1985,0.274,0.378
2010-02-22,0.138,0.1335,0.148,0.161,0.1945,0.2575,0.352
2010-02-23,0.132,0.141,0.153,0.164,0.197,0.252,0.3355
2010-02-24,0.128,0.138,0.149,0.159,0.193,0.244,0.323
2010-02-25,0.12,0.1405,0.1495,0.158,0.184,0.227,0.304
2010-02-26,0.117,0.1405,0.1475,0.16,0.1833,0.2283,0.304
2010-03-01,0.121,0.143,0.1485,0.156,0.1735,0.2153,0.296
2010-03-02,0.129,0.1395,0.1445,0.152,0.175,0.2185,0.29
2010-03-03,0.138,0.144,0.149,0.157,0.1765,0.222,0.3
2010-03-04,0.153,0.16,0.1675,0.1775,0.203,0.256,0.339
2010-03-05,0.158,0.1655,0.173,0.183,0.209,0.27,0.365
2010-03-08,0.16,0.172,0.176,0.1835,0.209,0.2715,0.364
2010-03-09,0.137,0.162,0.166,0.176,0.206,0.2615,0.3465
2010-03-10,0.134,0.1595,0.168,0.179,0.212,0.271,0.363
2010-03-11,0.156,0.1655,0.182,0.184,0.221,0.289,0.388
2010-03-12,0.173,0.1705,0.187,0.196,0.231,0.3015,0.404
2010-03-15,0.184,0.193,0.197,0.198,0.2315,0.2915,0.3805
2010-03-16,0.192,0.184,0.19,0.199,0.224,0.278,0.369
2010-03-17,0.183,0.185,0.19,0.194,0.2215,0.273,0.3575
2010-03-18,0.1995,0.198,0.204,0.21,0.241,0.3045,0.392
2010-03-19,0.193,0.2,0.206,0.215,0.251,0.321,0.418
2010-03-22,0.192,0.1915,0.1985,0.2,0.237,0.305,0.396
2010-03-23,0.192,0.19,0.197,0.198,0.2375,0.3035,0.397
2010-03-24,0.198,0.1905,0.1975,0.204,0.243,0.3145,0.4245
2010-03-25,0.196,0.1905,0.196,0.205,0.238,0.3115,0.416
2010-03-26,0.1945,0.191,0.198,0.206,0.245,0.314,0.42
2010-03-29,0.196,0.192,0.197,0.201,0.2435,0.318,0.4218
2010-03-30,0.189,0.1915,0.1965,0.2025,0.245,0.32,0.4275
2010-03-31,0.187,0.194,0.1985,0.2025,0.2355,0.302,0.4275
2010-04-01,0.194,0.192,0.198,0.2043,0.2375,0.307,0.4083
2010-04-02,0.19,0.195,0.1975,0.205,0.245,0.3175,0.4275
2010-04-05,0.2,0.2025,0.207,0.216,0.258,0.3465,0.4735
2010-04-06,0.201,0.2015,0.205,0.2125,0.2485,0.326,0.45
2010-04-07,0.2065,0.2033,0.2068,0.2125,0.242,0.3243,0.4025
2010-04-08,0.2,0.2045,0.209,0.214,0.244,0.312,0.4275
2010-04-09,0.202,0.205,0.2095,0.215,0.2493,0.315,0.4188
2010-04-12,0.2,0.206,0.211,0.22,0.249,0.31,0.408
2010-04-13,0.199,0.2075,0.2125,0.22,0.2525,0.32,0.4155
2010-04-14,0.203,0.209,0.213,0.223,0.251,0.315,0.416
2010-04-15,0.1965,0.2105,0.215,0.2235,0.247,0.309,0.404
2010-04-16,0.197,0.2065,0.2095,0.219,0.2395,0.2915,0.38
2010-04-19,0.195,0.2125,0.2165,0.22,0.245,0.2975,0.386
2010-04-20,0.192,0.213,0.2165,0.225,0.251,0.312,0.408
2010-04-21,0.208,0.212,0.214,0.224,0.258,0.316,0.413
2010-04-22,0.21,0.2125,0.218,0.226,0.264,0.3285,0.42
2010-04-23,0.222,0.217,0.221,0.232,0.2725,0.347,0.449
2010-04-26,0.22,0.2175,0.22,0.23,0.2725,0.347,0.4495
2010-04-27,0.206,0.208,0.217,0.227,0.258,0.321,0.408
2010-04-28,0.209,0.215,0.22,0.226,0.259,0.32,0.406
2010-04-29,0.212,0.2135,0.2215,0.2285,0.256,0.316,0.4105
2010-04-30,0.215,0.215,0.224,0.2325,0.265,0.327,0.415
2010-05-03,0.213,0.213,0.2215,0.225,0.2715,0.346,0.437
2010-05-04,0.218,0.218,0.223,0.2365,0.2645,0.327,0.415
2010-05-05,0.223,0.222,0.229,0.237,0.273,0.33,0.411
2010-05-06,0.236,0.239,0.245,0.252,0.28,0.3225,0.385
2010-05-07,0.237,0.233,0.242,0.247,0.2735,0.3205,0.389
2010-05-10,0.217,0.21,0.225,0.232,0.261,0.318,0.394
2010-05-11,0.214,0.218,0.223,0.231,0.2525,0.307,0.38
2010-05-12,0.205,0.21,0.216,0.222,0.248,0.301,0.3735
2010-05-13,0.218,0.219,0.221,0.224,0.2495,0.29,0.357
2010-05-14,0.208,0.214,0.219,0.219,0.2385,0.274,0.35
2010-05-17,0.216,0.216,0.218,0.218,0.2495,0.296,0.3525
2010-05-18,0.203,0.2155,0.2245,0.228,0.262,0.297,0.35
2010-05-19,0.214,0.215,0.224,0.231,0.2545,0.2965,0.353
2010-05-20,0.223,0.2205,0.2235,0.232,0.2505,0.294,0.346
2010-05-21,0.215,0.212,0.221,0.227,0.246,0.28,0.3435
2010-05-24,0.2185,0.22,0.2225,0.2255,0.244,0.2815,0.337
2010-05-25,0.212,0.2215,0.2215,0.224,0.241,0.276,0.335
2010-05-26,0.207,0.225,0.2275,0.231,0.249,0.2875,0.3635
2010-05-27,0.2145,0.2175,0.223,0.23,0.2495,0.2925,0.37
2010-05-28,0.223,0.223,0.23,0.236,0.252,0.288,0.362
2010-05-31,0.215,0.219,0.222,0.221,0.243,0.282,0.37
2010-06-01,0.208,0.222,0.226,0.2255,0.253,0.2875,0.3585
2010-06-02,0.198,0.2185,0.221,0.229,0.247,0.289,0.376
2010-06-03,0.2,0.222,0.226,0.231,0.254,0.297,0.374
2010-06-04,0.201,0.217,0.219,0.2245,0.245,0.276,0.334
2010-06-07,0.199,0.216,0.215,0.215,0.2385,0.273,0.343
2010-06-08,0.195,0.207,0.2095,0.216,0.239,0.2725,0.334
2010-06-09,0.1815,0.204,0.208,0.216,0.2405,0.275,0.337
2010-06-10,0.18,0.1965,0.208,0.209,0.2405,0.269,0.336
2010-06-11,0.173,0.199,0.205,0.213,0.2375,0.2725,0.321
2010-06-14,0.168,0.197,0.205,0.211,0.235,0.268,0.33
2010-06-15,0.174,0.201,0.206,0.2105,0.238,0.272,0.332
2010-06-16,0.183,0.204,0.209,0.214,0.238,0.269,0.325
2010-06-17,0.179,0.2065,0.211,0.2145,0.236,0.2665,0.319
2010-06-18,0.18,0.209,0.212,0.213,0.232,0.2625,0.317
2010-06-21,0.18,0.195,0.204,0.211,0.2345,0.2645,0.311
2010-06-22,0.168,0.199,0.204,0.2145,0.225,0.256,0.305
2010-06-23,0.178,0.199,0.203,0.209,0.2245,0.25,0.298
2010-06-24,0.175,0.19,0.196,0.205,0.223,0.2505,0.305
2010-06-25,0.161,0.19,0.196,0.197,0.2165,0.2435,0.288
2010-06-28,0.181,0.193,0.195,0.196,0.207,0.2335,0.281
2010-06-29,0.198,0.19,0.198,0.2055,0.218,0.2465,0.292
2010-06-30,0.193,0.19,0.197,0.2015,0.214,0.2415,0.287
2010-07-01,0.195,0.19,0.198,0.204,0.214,0.245,0.287
2010-07-02,0.189,0.195,0.198,0.195,0.213,0.241,0.292
2010-07-05,0.189,0.195,0.193,0.197,0.206,0.237,0.286
2010-07-06,0.186,0.193,0.1945,0.198,0.211,0.237,0.284
2010-07-07,0.185,0.19,0.192,0.192,0.207,0.2355,0.28
2010-07-08,0.185,0.187,0.187,0.198,0.198,0.2265,0.279
2010-07-09,0.18,0.188,0.188,0.193,0.201,0.228,0.2825
2010-07-12,0.183,0.19,0.191,0.1915,0.206,0.2335,0.285
2010-07-13,0.183,0.189,0.192,0.191,0.2055,0.2325,0.276
2010-07-14,0.184,0.186,0.189,0.1885,0.2005,0.226,0.2665
2010-07-15,0.18,0.185,0.185,0.1835,0.1955,0.221,0.265
2010-07-16,0.179,0.183,0.184,0.188,0.193,0.211,0.255
2010-07-19,0.184,0.184,0.1845,0.189,0.198,0.219,0.251
2010-07-20,0.183,0.184,0.185,0.185,0.192,0.21,0.245
2010-07-21,0.181,0.183,0.183,0.181,0.19,0.209,0.244
2010-07-22,0.191,0.184,0.184,0.185,0.1855,0.1995,0.23
2010-07-23,0.188,0.184,0.185,0.1835,0.186,0.201,0.235
2010-07-26,0.182,0.185,0.185,0.187,0.189,0.208,0.247
2010-07-27,0.18,0.192,0.19,0.191,0.194,0.219,0.269
2010-07-28,0.174,0.198,0.194,0.19,0.188,0.21,0.254
2010-07-29,0.18,0.191,0.19,0.194,0.19,0.21,0.25
2010-07-30,0.19,0.187,0.185,0.193,0.1935,0.2,0.237
2010-08-02,0.19,0.187,0.185,0.187,0.184,0.1995,0.232
2010-08-03,0.186,0.1805,0.1785,0.1795,0.177,0.194,0.219
2010-08-04,0.185,0.181,0.1775,0.177,0.182,0.1975,0.23
2010-08-05,0.18,0.178,0.177,0.1765,0.176,0.189,0.214
2010-08-06,0.18,0.174,0.172,0.1745,0.1715,0.1785,0.2025
2010-08-09,0.179,0.18,0.176,0.172,0.171,0.182,0.209
2010-08-10,0.179,0.179,0.177,0.176,0.176,0.184,0.206
2010-08-11,0.175,0.179,0.177,0.1765,0.174,0.183,0.207
2010-08-12,0.178,0.178,0.175,0.173,0.171,0.185,0.211
2010-08-13,0.18,0.177,0.174,0.171,0.172,0.187,0.2105
2010-08-16,0.178,0.1785,0.174,0.172,0.1695,0.1825,0.209
2010-08-17,0.19,0.187,0.182,0.1775,0.176,0.19,0.222
2010-08-18,0.188,0.182,0.179,0.1765,0.173,0.186,0.21
2010-08-19,0.179,0.182,0.179,0.173,0.175,0.182,0.204
2010-08-20,0.184,0.182,0.177,0.176,0.1705,0.181,0.2035
2010-08-23,0.185,0.1845,0.182,0.177,0.173,0.18,0.2025
2010-08-24,0.189,0.1835,0.1795,0.178,0.175,0.185,0.205
2010-08-25,0.188,0.184,0.179,0.177,0.1695,0.1775,0.2035
2010-08-26,0.188,0.183,0.1785,0.175,0.1745,0.1865,0.207
2010-08-27,0.186,0.1815,0.181,0.182,0.1795,0.192,0.221
2010-08-30,0.19,0.182,0.182,0.185,0.181,0.189,0.2075
2010-08-31,0.186,0.188,0.188,0.187,0.18,0.191,0.208
2010-09-01,0.186,0.187,0.186,0.186,0.1835,0.193,0.216
2010-09-02,0.177,0.1815,0.182,0.1835,0.181,0.1915,0.215
2010-09-03,0.18,0.1835,0.185,0.188,0.183,0.194,0.225
2010-09-06,0.18,0.185,0.183,0.184,0.181,0.194,0.22
2010-09-07,0.184,0.189,0.189,0.187,0.179,0.188,0.211
2010-09-08,0.178,0.188,0.1885,0.1915,0.1905,0.199,0.222
2010-09-09,0.181,0.1865,0.1875,0.192,0.1905,0.2065,0.234
2010-09-10,0.183,0.194,0.196,0.197,0.194,0.21,0.236
2010-09-13,0.187,0.1875,0.1865,0.1905,0.1845,0.199,0.222
2010-09-14,0.178,0.1865,0.1865,0.184,0.1855,0.1965,0.2188
2010-09-15,0.183,0.186,0.1865,0.1915,0.189,0.2,0.224
2010-09-16,0.175,0.188,0.1875,0.189,0.187,0.195,0.216
2010-09-17,0.202,0.194,0.1915,0.1905,0.189,0.197,0.216
2010-09-20,0.195,0.1915,0.1915,0.185,0.186,0.192,0.212
2010-09-21,0.186,0.1935,0.1915,0.188,0.1815,0.186,0.2085
2010-09-22,0.196,0.192,0.189,0.188,0.186,0.192,0.2045
2010-09-23,0.204,0.196,0.1895,0.188,0.1835,0.186,0.203
2010-09-24,0.201,0.201,0.1915,0.194,0.1865,0.195,0.208
2010-09-27,0.194,0.198,0.1905,0.189,0.184,0.1895,0.205
2010-09-28,0.188,0.1935,0.1875,0.184,0.177,0.18,0.192
2010-09-29,0.193,0.1965,0.1875,0.1815,0.1775,0.1805,0.193
2010-09-30,0.197,0.1955,0.1885,0.184,0.1815,0.187,0.201
2010-10-01,0.197,0.1975,0.1895,0.188,0.1775,0.183,0.2005
2010-10-04,0.191,0.1965,0.1885,0.184,0.178,0.184,0.197
2010-10-05,0.192,0.1925,0.185,0.181,0.1725,0.176,0.19
2010-10-06,0.199,0.1925,0.1845,0.1755,0.169,0.17,0.178
2010-10-07,0.197,0.1905,0.1825,0.173,0.1675,0.168,0.174
2010-10-08,0.19,0.1875,0.1815,0.1705,0.1665,0.167,0.178
2010-10-11,0.188,0.185,0.18,0.171,0.165,0.165,0.173
2010-10-12,0.19,0.1865,0.181,0.173,0.167,0.167,0.178
2010-10-13,0.193,0.181,0.1785,0.173,0.164,0.164,0.17
2010-10-14,0.183,0.1815,0.1755,0.172,0.163,0.167,0.176
2010-10-15,0.191,0.1835,0.1785,0.173,0.167,0.168,0.176
2010-10-18,0.189,0.1835,0.1795,0.173,0.1705,0.1735,0.179
2010-10-19,0.188,0.1835,0.1785,0.173,0.1705,0.1735,0.18
2010-10-20,0.187,0.1835,0.1785,0.171,0.1635,0.1655,0.172
2010-10-21,0.173,0.1805,0.1755,0.169,0.167,0.169,0.175
2010-10-22,0.196,0.1845,0.1805,0.174,0.172,0.1735,0.1795
2010-10-25,0.202,0.1775,0.1745,0.17,0.168,0.17,0.177
2010-10-26,0.188,0.1825,0.1775,0.174,0.1705,0.178,0.19
2010-10-27,0.2,0.1855,0.1815,0.182,0.1745,0.181,0.197
2010-10-28,0.19,0.1835,0.1765,0.179,0.171,0.173,0.179
2010-10-29,0.187,0.182,0.1785,0.174,0.1755,0.176,0.1815
2010-11-01,0.183,0.1835,0.1765,0.177,0.172,0.175,0.18
2010-11-02,0.183,0.1835,0.1765,0.175,0.172,0.1755,0.181
2010-11-03,0.188,0.1885,0.1845,0.179,0.176,0.1755,0.178
2010-11-04,0.187,0.191,0.1805,0.174,0.1745,0.174,0.177
2010-11-05,0.193,0.1915,0.1835,0.185,0.183,0.1855,0.1895
2010-11-08,0.19,0.1915,0.1825,0.182,0.1725,0.1765,0.1935
2010-11-09,0.187,0.1915,0.177,0.175,0.169,0.175,0.192
2010-11-10,0.181,0.1865,0.175,0.174,0.1725,0.18,0.197
2010-11-11,0.189,0.185,0.177,0.176,0.172,0.181,0.209
2010-11-12,0.188,0.1885,0.1795,0.178,0.1765,0.1895,0.217
2010-11-15,0.189,0.1925,0.18,0.181,0.181,0.196,0.226
2010-11-16,0.189,0.192,0.1825,0.182,0.178,0.191,0.2215
2010-11-17,0.196,0.192,0.182,0.1805,0.178,0.1895,0.212
2010-11-18,0.204,0.19,0.182,0.18,0.179,0.1895,0.2135
2010-11-19,0.201,0.1915,0.182,0.1825,0.1835,0.196,0.219
2010-11-22,0.183,0.192,0.184,0.183,0.182,0.193,0.218
2010-11-23,0.183,0.1935,0.187,0.183,0.181,0.1915,0.213
2010-11-24,0.188,0.1875,0.1835,0.183,0.19,0.203,0.225
2010-11-25,0.193,0.191,0.1845,0.19,0.191,0.205,0.235
2010-11-26,0.19,0.193,0.19,0.19,0.191,0.202,0.22
2010-11-29,0.21,0.1905,0.1895,0.191,0.182,0.1925,0.2231
2010-11-30,0.21,0.195,0.1965,0.189,0.205,0.217,0.24
2010-12-01,0.19,0.196,0.1975,0.1975,0.195,0.21,0.236
2010-12-02,0.191,0.192,0.1955,0.1995,0.2,0.213,0.236
2010-12-03,0.19,0.186,0.1885,0.186,0.186,0.194,0.218
2010-12-06,0.188,0.182,0.1845,0.176,0.1785,0.1865,0.2015
2010-12-07,0.185,0.1805,0.182,0.175,0.177,0.1915,0.2165
2010-12-08,0.184,0.18,0.1825,0.178,0.189,0.214,0.2475
2010-12-09,0.175,0.1795,0.178,0.176,0.18,0.2045,0.2435
2010-12-10,0.178,0.177,0.1785,0.175,0.181,0.2045,0.25
2010-12-13,0.177,0.173,0.175,0.177,0.177,0.1935,0.2345
2010-12-14,0.178,0.1755,0.1795,0.1795,0.184,0.207,0.2465
2010-12-15,0.179,0.1765,0.177,0.1795,0.193,0.216,0.258
2010-12-16,0.178,0.1805,0.1825,0.183,0.187,0.212,0.2565
2010-12-17,0.176,0.1785,0.18,0.182,0.185,0.209,0.247
2010-12-20,0.173,0.181,0.1825,0.184,0.187,0.209,0.2485
2010-12-21,0.18,0.1825,0.1855,0.1855,0.186,0.213,0.2465
2010-12-22,0.173,0.176,0.1815,0.184,0.1895,0.211,0.2495
2010-12-23,0.143,0.18,0.18,0.1805,0.185,0.21,0.255
2010-12-24,0.139,0.175,0.18,0.18,0.19,0.225,0.256
2010-12-27,0.148,0.178,0.1825,0.182,0.191,0.2105,0.251
2010-12-28,0.148,0.1765,0.1815,0.184,0.19,0.2135,0.258
2010-12-29,0.136,0.182,0.185,0.1845,0.183,0.2005,0.228
2010-12-30,0.174,0.1865,0.186,0.183,0.186,0.202,0.229
2010-12-31,0.185,0.185,0.185,0.183,0.185,0.199,0.2225
2011-01-03,0.179,0.182,0.1835,0.1825,0.184,0.1965,0.223
2011-01-04,0.181,0.181,0.1815,0.18,0.184,0.1995,0.2305
2011-01-05,0.176,0.1805,0.1805,0.18,0.186,0.211,0.2595
2011-01-06,0.177,0.1815,0.1825,0.1825,0.19,0.219,0.2595
2011-01-07,0.177,0.1775,0.1765,0.179,0.1825,0.196,0.2315
2011-01-10,0.182,0.1805,0.1805,0.177,0.1745,0.188,0.2215
2011-01-11,0.179,0.1755,0.1755,0.175,0.1765,0.1935,0.228
2011-01-12,0.174,0.1755,0.1755,0.172,0.176,0.193,0.2275
2011-01-13,0.166,0.1755,0.1745,0.166,0.1695,0.1845,0.215
2011-01-14,0.183,0.1715,0.1695,0.1675,0.1675,0.184,0.217
2011-01-17,0.178,0.163,0.163,0.162,0.167,0.183,0.2145
2011-01-18,0.181,0.1715,0.1705,0.168,0.1675,0.183,0.217
2011-01-19,0.181,0.1715,0.1695,0.165,0.1635,0.1755,0.207
2011-01-20,0.175,0.1705,0.1685,0.163,0.1665,0.1825,0.219
2011-01-21,0.171,0.1705,0.1675,0.163,0.1615,0.1785,0.2175
2011-01-24,0.167,0.164,0.1665,0.163,0.161,0.182,0.221
2011-01-25,0.174,0.1705,0.1665,0.165,0.1625,0.1775,0.213
2011-01-26,0.174,0.1705,0.1675,0.166,0.1635,0.1765,0.214
2011-01-27,0.165,0.1665,0.1625,0.1575,0.1535,0.1655,0.199
2011-01-28,0.162,0.1655,0.1585,0.155,0.1535,0.1665,0.195
2011-01-31,0.167,0.1675,0.1615,0.162,0.1575,0.1735,0.2005
2011-02-01,0.167,0.1675,0.1645,0.166,0.161,0.1785,0.2125
2011-02-02,0.171,0.1705,0.1625,0.159,0.162,0.181,0.23
2011-02-03,0.167,0.165,0.1625,0.162,0.168,0.1915,0.2415
2011-02-04,0.167,0.172,0.1625,0.162,0.1675,0.197,0.2515
2011-02-07,0.167,0.167,0.1635,0.1605,0.1675,0.201,0.2565
2011-02-08,0.167,0.171,0.162,0.162,0.1705,0.208,0.277
2011-02-09,0.165,0.1685,0.1615,0.16,0.1685,0.2035,0.2605
2011-02-10,0.162,0.166,0.1585,0.159,0.1675,0.203,0.2685
2011-02-11,0.163,0.16,0.1575,0.161,0.1685,0.2045,0.2685
2011-02-14,0.167,0.1645,0.1545,0.152,0.1635,0.2025,0.269
2011-02-15,0.162,0.1635,0.1545,0.153,0.165,0.2035,0.2715
2011-02-16,0.162,0.157,0.1505,0.15,0.162,0.1965,0.263
2011-02-17,0.158,0.1535,0.1465,0.1475,0.158,0.1865,0.24
2011-02-18,0.16,0.1525,0.1455,0.145,0.1525,0.177,0.2285
2011-02-21,0.16,0.155,0.148,0.145,0.153,0.177,0.222
2011-02-22,0.159,0.1515,0.1435,0.145,0.1525,0.18,0.2265
2011-02-23,0.158,0.1505,0.1445,0.146,0.1495,0.171,0.217
2011-02-24,0.158,0.148,0.1425,0.147,0.1505,0.172,0.216
2011-02-25,0.16,0.1535,0.1475,0.142,0.1495,0.163,0.2115
2011-02-28,0.16,0.1485,0.1445,0.14,0.1455,0.1655,0.208
2011-03-01,0.16,0.1485,0.1455,0.1445,0.1505,0.167,0.2025
2011-03-02,0.16,0.1485,0.1455,0.141,0.1505,0.1715,0.212
2011-03-03,0.16,0.1475,0.1445,0.146,0.1495,0.179,0.2335
2011-03-04,0.16,0.1485,0.1455,0.1405,0.1465,0.1665,0.2105
2011-03-07,0.158,0.1465,0.1445,0.14,0.1485,0.167,0.213
2011-03-08,0.153,0.1425,0.1405,0.139,0.1505,0.175,0.224
2011-03-09,0.153,0.1425,0.1405,0.139,0.146,0.17,0.2155
2011-03-10,0.14,0.1385,0.1375,0.1385,0.1485,0.169,0.2055
2011-03-11,0.141,0.138,0.138,0.137,0.142,0.168,0.2095
2011-03-14,0.139,0.141,0.138,0.14,0.1445,0.166,0.203
2011-03-15,0.143,0.1375,0.1375,0.1425,0.1455,0.166,0.1995
2011-03-16,0.138,0.1375,0.1375,0.136,0.1465,0.1645,0.193
2011-03-17,0.139,0.1355,0.1385,0.139,0.1505,0.172,0.203
2011-03-18,0.15,0.1455,0.1435,0.1465,0.149,0.1725,0.2085
2011-03-21,0.144,0.1385,0.143,0.144,0.16,0.183,0.221
2011-03-22,0.145,0.1425,0.1445,0.1425,0.159,0.1885,0.2295
2011-03-23,0.139,0.1425,0.1465,0.142,0.1645,0.189,0.228
2011-03-24,0.141,0.1405,0.1425,0.141,0.1615,0.193,0.2425
2011-03-25,0.128,0.1325,0.1365,0.139,0.165,0.201,0.254
2011-03-28,0.13,0.1305,0.1365,0.135,0.1625,0.2,0.2595
2011-03-29,0.13,0.1265,0.1285,0.137,0.1565,0.199,0.2615
2011-03-30,0.124,0.122,0.1265,0.128,0.1535,0.1945,0.258
2011-03-31,0.119,0.1225,0.1265,0.129,0.1595,0.2035,0.2655
2011-04-01,0.112,0.119,0.118,0.122,0.147,0.188,0.2505
2011-04-04,0.108,0.1125,0.116,0.116,0.1335,0.17,0.2305
2011-04-05,0.11,0.1125,0.1185,0.123,0.154,0.196,0.2605
2011-04-06,0.107,0.101,0.1075,0.12,0.1445,0.194,0.2645
2011-04-07,0.109,0.111,0.1165,0.1185,0.144,0.178,0.2475
2011-04-08,0.107,0.108,0.112,0.118,0.144,0.183,0.2535
2011-04-11,0.102,0.104,0.115,0.1155,0.1475,0.1885,0.2625
2011-04-12,0.097,0.1035,0.108,0.1125,0.1395,0.173,0.2385
2011-04-13,0.099,0.0955,0.102,0.109,0.138,0.1725,0.234
2011-04-14,0.106,0.0965,0.099,0.114,0.145,0.189,0.256
2011-04-15,0.12,0.105,0.1075,0.115,0.14,0.172,0.2255
2011-04-18,0.107,0.109,0.109,0.116,0.142,0.1765,0.2265
2011-04-19,0.11,0.1035,0.103,0.117,0.1415,0.171,0.2175
2011-04-20,0.108,0.1075,0.107,0.1205,0.143,0.1725,0.225
2011-04-21,0.114,0.1165,0.121,0.1305,0.1465,0.179,0.2265
2011-04-25,0.104,0.109,0.1105,0.124,0.147,0.1775,0.225
2011-04-26,0.106,0.1075,0.1105,0.12,0.1395,0.167,0.217
2011-04-27,0.108,0.106,0.111,0.121,0.143,0.174,0.2215
2011-04-28,0.105,0.1065,0.113,0.1175,0.1395,0.1705,0.221
2011-04-29,0.104,0.1075,0.112,0.112,0.136,0.167,0.21
2011-05-02,0.099,0.099,0.1065,0.1075,0.131,0.166,0.21
2011-05-03,0.097,0.0975,0.102,0.105,0.1295,0.1625,0.211
2011-05-04,0.095,0.095,0.098,0.1,0.1215,0.1495,0.193
2011-05-05,0.096,0.095,0.099,0.107,0.123,0.1525,0.1995
2011-05-06,0.097,0.095,0.1015,0.103,0.122,0.1505,0.1905
2011-05-09,0.097,0.095,0.099,0.1,0.1195,0.145,0.1825
2011-05-10,0.095,0.095,0.0975,0.1005,0.118,0.153,0.192
2011-05-11,0.096,0.095,0.0975,0.1005,0.1165,0.1445,0.185
2011-05-12,0.095,0.0955,0.098,0.1,0.1165,0.144,0.1855
2011-05-13,0.095,0.095,0.0995,0.1005,0.119,0.149,0.188
2011-05-16,0.097,0.0925,0.0985,0.103,0.1195,0.1435,0.1815
2011-05-17,0.095,0.094,0.0995,0.102,0.1185,0.142,0.181
2011-05-18,0.096,0.094,0.1015,0.1025,0.126,0.1535,0.1955
2011-05-19,0.098,0.0905,0.097,0.103,0.1195,0.144,0.179
2011-05-20,0.097,0.095,0.098,0.102,0.121,0.1425,0.177
2011-05-23,0.093,0.0945,0.0995,0.1035,0.123,0.148,0.183
2011-05-24,0.1,0.0955,0.1025,0.1075,0.1315,0.156,0.195
2011-05-25,0.101,0.0945,0.1005,0.1095,0.131,0.154,0.183
2011-05-26,0.098,0.1025,0.1015,0.106,0.1225,0.1445,0.1815
2011-05-27,0.099,0.095,0.099,0.1035,0.1235,0.143,0.1685
2011-05-30,0.098,0.095,0.096,0.106,0.1195,0.142,0.17
2011-05-31,0.1,0.1015,0.1035,0.1075,0.126,0.1465,0.1765
2011-06-01,0.102,0.1035,0.1065,0.103,0.1245,0.1425,0.172
2011-06-02,0.098,0.1035,0.106,0.1085,0.1315,0.1525,0.179
2011-06-03,0.098,0.1025,0.1035,0.113,0.118,0.14,0.1695
2011-06-06,0.1,0.1045,0.1055,0.114,0.1285,0.15,0.1745
2011-06-07,0.097,0.104,0.1055,0.1115,0.135,0.1535,0.179
2011-06-08,0.096,0.1035,0.105,0.112,0.131,0.1525,0.177
2011-06-09,0.094,0.0995,0.1055,0.1125,0.1315,0.1515,0.18
2011-06-10,0.099,0.103,0.106,0.113,0.132,0.151,0.175
2011-06-13,0.103,0.1055,0.1085,0.116,0.133,0.15,0.173
2011-06-14,0.101,0.1045,0.1075,0.116,0.137,0.1575,0.186
2011-06-15,0.108,0.109,0.1125,0.118,0.139,0.1555,0.1795
2011-06-16,0.114,0.1095,0.1145,0.1285,0.1375,0.1495,0.1685
2011-06-17,0.113,0.1125,0.1145,0.1175,0.1355,0.1555,0.1815
2011-06-20,0.108,0.1105,0.1135,0.118,0.1345,0.154,0.182
2011-06-21,0.099,0.1055,0.112,0.1165,0.1405,0.161,0.1835
2011-06-22,0.094,0.1075,0.1125,0.115,0.1425,0.161,0.183
2011-06-23,0.098,0.1005,0.1075,0.1135,0.1335,0.148,0.166
2011-06-24,0.102,0.1015,0.109,0.111,0.129,0.146,0.165
2011-06-27,0.1,0.0975,0.1055,0.112,0.131,0.157,0.1785
2011-06-28,0.103,0.1025,0.1105,0.12,0.145,0.1725,0.2015
2011-06-29,0.1,0.1025,0.1105,0.118,0.1385,0.1615,0.1895
2011-06-30,0.1,0.109,0.112,0.12,0.138,0.1655,0.1965
2011-07-01,0.096,0.1005,0.1115,0.119,0.1435,0.167,0.199
2011-07-04,0.095,0.095,0.113,0.125,0.158,0.1615,0.194
2011-07-05,0.096,0.0975,0.1075,0.1215,0.133,0.1585,0.184
2011-07-06,0.091,0.0915,0.1045,0.11,0.128,0.1555,0.178
2011-07-07,0.086,0.0895,0.1005,0.111,0.1315,0.153,0.183
2011-07-08,0.085,0.0845,0.0955,0.104,0.1235,0.139,0.16
2011-07-11,0.083,0.086,0.094,0.105,0.115,0.1275,0.1445
2011-07-12,0.081,0.0875,0.0965,0.11,0.1285,0.147,0.168
2011-07-13,0.078,0.084,0.091,0.098,0.1165,0.135,0.154
2011-07-14,0.071,0.0775,0.0845,0.093,0.11,0.129,0.149
2011-07-15,0.07,0.073,0.087,0.096,0.113,0.135,0.1575
2011-07-18,0.069,0.076,0.082,0.092,0.1115,0.1305,0.1535
2011-07-19,0.068,0.0795,0.0875,0.102,0.1245,0.145,0.1685
2011-07-20,0.07,0.0815,0.093,0.1035,0.122,0.143,0.164
2011-07-21,0.076,0.085,0.094,0.104,0.122,0.148,0.175
2011-07-22,0.065,0.0835,0.0915,0.104,0.124,0.148,0.17
2011-07-25,0.064,0.0805,0.0905,0.1015,0.1245,0.1485,0.173
2011-07-26,0.065,0.083,0.0975,0.1075,0.1295,0.1515,0.1745
2011-07-27,0.083,0.095,0.107,0.1175,0.1305,0.1535,0.1735
2011-07-28,0.083,0.1025,0.1105,0.1215,0.1385,0.1615,0.186
2011-07-29,0.086,0.1145,0.1205,0.129,0.136,0.1495,0.1655
2011-08-01,0.094,0.124,0.128,0.1335,0.144,0.1585,0.173
2011-08-02,0.097,0.1095,0.1115,0.1145,0.1275,0.1405,0.1515
2011-08-03,0.141,0.1005,0.102,0.108,0.1205,0.14,0.151
2011-08-04,0.079,0.075,0.0765,0.079,0.089,0.096,0.109
2011-08-05,0.073,0.078,0.0815,0.0865,0.089,0.0945,0.1025
2011-08-08,0.082,0.0875,0.0875,0.086,0.0875,0.094,0.1005
2011-08-09,0.083,0.0845,0.0835,0.0865,0.0845,0.09,0.093
2011-08-10,0.083,0.091,0.087,0.089,0.084,0.089,0.0705
2011-08-11,0.094,0.099,0.0955,0.093,0.09,0.087,0.0865
2011-08-12,0.108,0.1035,0.1015,0.1015,0.097,0.093,0.0875
2011-08-15,0.111,0.1055,0.0985,0.1,0.0895,0.0915,0.09
2011-08-16,0.103,0.096,0.0975,0.093,0.095,0.089,0.084
2011-08-17,0.099,0.1005,0.096,0.094,0.091,0.0915,0.09
2011-08-18,0.1,0.085,0.0845,0.084,0.0815,0.0715,0.0735
2011-08-19,0.092,0.087,0.087,0.088,0.087,0.085,0.0845
2011-08-22,0.092,0.0875,0.085,0.085,0.089,0.0895,0.0855
2011-08-23,0.101,0.0865,0.085,0.085,0.0835,0.0835,0.0875
2011-08-24,0.092,0.089,0.0895,0.085,0.084,0.083,0.081
2011-08-25,0.091,0.0875,0.0835,0.085,0.0775,0.078,0.081
2011-08-26,0.091,0.088,0.0825,0.075,0.077,0.079,0.0788
2011-08-29,0.086,0.087,0.083,0.078,0.0785,0.077,0.081
2011-08-30,0.091,0.0885,0.0875,0.088,0.08,0.075,0.079
2011-08-31,0.094,0.0955,0.0925,0.088,0.086,0.0875,0.089
2011-09-01,0.094,0.0905,0.0895,0.087,0.089,0.0865,0.082
2011-09-02,0.095,0.0905,0.089,0.087,0.087,0.0875,0.093
2011-09-05,0.088,0.085,0.085,0.085,0.09,0.087,0.093
2011-09-06,0.096,0.0855,0.083,0.086,0.0785,0.0815,0.0865
2011-09-07,0.101,0.0915,0.089,0.081,0.0775,0.077,0.081
2011-09-08,0.099,0.084,0.0815,0.083,0.078,0.0795,0.085
2011-09-09,0.101,0.084,0.082,0.081,0.083,0.086,0.084
2011-09-12,0.102,0.085,0.0835,0.079,0.0805,0.0835,0.083
2011-09-13,0.098,0.081,0.079,0.078,0.077,0.079,0.0845
2011-09-14,0.093,0.078,0.075,0.073,0.0705,0.072,0.0715
2011-09-15,0.079,0.0735,0.071,0.067,0.068,0.069,0.0705
2011-09-16,0.075,0.073,0.07,0.0675,0.065,0.067,0.0675
2011-09-19,0.074,0.067,0.064,0.063,0.0625,0.066,0.06
2011-09-20,0.073,0.067,0.0655,0.068,0.069,0.0695,0.0675
2011-09-21,0.069,0.087,0.088,0.0875,0.098,0.101,0.093
2011-09-22,0.088,0.09,0.0885,0.0875,0.08,0.083,0.0925
2011-09-23,0.093,0.089,0.089,0.089,0.09,0.093,0.092
2011-09-26,0.081,0.084,0.087,0.0865,0.091,0.0955,0.096
2011-09-27,0.088,0.09,0.0865,0.087,0.086,0.0905,0.0925
2011-09-28,0.089,0.0905,0.087,0.0885,0.0915,0.0935,0.098
2011-09-29,0.091,0.092,0.088,0.088,0.092,0.1,0.11
2011-09-30,0.089,0.0885,0.088,0.0885,0.098,0.1075,0.1135
2011-10-03,0.09,0.09,0.091,0.0905,0.104,0.115,0.1195
2011-10-04,0.09,0.088,0.088,0.09,0.096,0.1045,0.116
2011-10-05,0.088,0.0875,0.0895,0.0885,0.0995,0.1095,0.116
2011-10-06,0.086,0.0845,0.0855,0.088,0.098,0.112,0.113
2011-10-07,0.087,0.0935,0.1005,0.086,0.1065,0.1195,0.121
2011-10-10,0.087,0.084,0.086,0.088,0.103,0.115,0.128
2011-10-11,0.083,0.0805,0.0815,0.0885,0.0985,0.1135,0.121
2011-10-12,0.083,0.0795,0.0805,0.082,0.0955,0.1055,0.1145
2011-10-13,0.083,0.0815,0.083,0.084,0.097,0.106,0.108
2011-10-14,0.083,0.0805,0.0815,0.08,0.092,0.1015,0.1085
2011-10-17,0.084,0.0805,0.0795,0.081,0.0915,0.1015,0.115
2011-10-18,0.079,0.0795,0.0815,0.082,0.0975,0.1095,0.114
2011-10-19,0.078,0.0805,0.0815,0.086,0.0955,0.1085,0.1165
2011-10-20,0.081,0.0755,0.0795,0.0815,0.0955,0.1045,0.111
2011-10-21,0.081,0.0795,0.0715,0.0855,0.097,0.105,0.113
2011-10-24,0.072,0.0765,0.0785,0.078,0.0945,0.1065,0.117
2011-10-25,0.072,0.0805,0.0825,0.0805,0.0925,0.1025,0.1055
2011-10-26,0.072,0.0785,0.0795,0.0795,0.0915,0.1015,0.1155
2011-10-27,0.082,0.0945,0.0935,0.087,0.1005,0.1115,0.127
2011-10-28,0.082,0.0815,0.081,0.087,0.0965,0.1065,0.121
2011-10-31,0.078,0.0805,0.08,0.082,0.093,0.103,0.1125
2011-11-01,0.078,0.0805,0.0795,0.0855,0.0935,0.1005,0.107
2011-11-02,0.083,0.0835,0.0835,0.0845,0.0955,0.0995,0.1045
2011-11-03,0.083,0.0775,0.082,0.0855,0.096,0.0995,0.106
2011-11-04,0.082,0.087,0.0845,0.09,0.0975,0.105,0.11
2011-11-07,0.083,0.0755,0.0775,0.087,0.0945,0.0995,0.105
2011-11-08,0.081,0.0805,0.0795,0.0875,0.0945,0.1015,0.105
2011-11-09,0.0825,0.0805,0.081,0.085,0.092,0.0965,0.1015
2011-11-10,0.083,0.0875,0.0845,0.0865,0.0915,0.095,0.1015
2011-11-11,0.083,0.0805,0.084,0.086,0.093,0.095,0.0995
2011-11-14,0.084,0.0855,0.085,0.087,0.0935,0.0975,0.0995
2011-11-15,0.084,0.086,0.085,0.0875,0.0945,0.0995,0.1015
2011-11-16,0.093,0.085,0.085,0.09,0.0963,0.1013,0.102
2011-11-17,0.087,0.086,0.096,0.082,0.1125,0.114,0.118
2011-11-18,0.0845,0.0915,0.095,0.102,0.11,0.115,0.1195
2011-11-21,0.085,0.0863,0.0915,0.0988,0.1045,0.1115,0.1185
2011-11-22,0.0905,0.0875,0.095,0.1005,0.105,0.1105,0.1125
2011-11-23,0.0905,0.094,0.098,0.1035,0.114,0.1185,0.1235
2011-11-24,0.0905,0.093,0.097,0.103,0.11,0.116,0.113
2011-11-25,0.0945,0.103,0.107,0.114,0.125,0.131,0.132
2011-11-28,0.0825,0.092,0.101,0.107,0.118,0.1225,0.1245
2011-11-29,0.085,0.092,0.098,0.105,0.117,0.1225,0.1255
2011-11-30,0.0845,0.0895,0.0985,0.106,0.118,0.125,0.124
2011-12-01,0.0845,0.087,0.095,0.101,0.111,0.1175,0.128
2011-12-02,0.0865,0.0913,0.0949,0.0986,0.1063,0.1153,0.1265
2011-12-05,0.086,0.086,0.099,0.104,0.115,0.1215,0.124
2011-12-06,0.084,0.086,0.0905,0.093,0.106,0.1173,0.1215
2011-12-07,0.088,0.082,0.089,0.092,0.103,0.113,0.1215
2011-12-08,0.0845,0.0895,0.099,0.104,0.109,0.116,0.1195
2011-12-09,0.082,0.0888,0.089,0.092,0.105,0.1175,0.121
2011-12-12,0.081,0.0863,0.089,0.092,0.102,0.113,0.119
2011-12-13,0.077,0.0785,0.082,0.086,0.1025,0.1135,0.1185
2011-12-14,0.0815,0.0763,0.086,0.09,0.106,0.116,0.121
2011-12-15,0.0765,0.08,0.084,0.088,0.102,0.11,0.1175
2011-12-16,0.072,0.0755,0.0815,0.086,0.1005,0.111,0.121
2011-12-19,0.0785,0.0745,0.085,0.0895,0.103,0.1135,0.1235
2011-12-20,0.0705,0.079,0.084,0.088,0.0985,0.114,0.122
2011-12-21,0.077,0.08,0.085,0.089,0.101,0.112,0.122
2011-12-22,0.066,0.078,0.0855,0.09,0.102,0.112,0.123
2011-12-23,0.067,0.0775,0.089,0.087,0.111,0.111,0.127
2011-12-26,0.067,0.113,0.0805,0.088,0.097,0.102,0.1225
2011-12-27,0.071,0.076,0.081,0.086,0.101,0.112,0.123
2011-12-28,0.065,0.076,0.081,0.086,0.098,0.109,0.121
2011-12-29,0.095,0.0775,0.0825,0.0855,0.0985,0.111,0.117
2011-12-30,0.075,0.08,0.082,0.083,0.094,0.103,0.113
2012-01-02,0.0775,0.08,0.083,0.087,0.094,0.104,0.112
2012-01-03,0.078,0.0775,0.0775,0.084,0.0935,0.103,0.111
2012-01-04,0.074,0.0815,0.0835,0.083,0.0905,0.1005,0.111
2012-01-05,0.0705,0.0755,0.0795,0.082,0.09,0.0995,0.1085
2012-01-06,0.07,0.075,0.077,0.081,0.087,0.096,0.108
2012-01-09,0.073,0.0788,0.0788,0.0813,0.085,0.0963,0.103
2012-01-10,0.078,0.078,0.078,0.0868,0.0885,0.094,0.104
2012-01-11,0.085,0.0763,0.075,0.0775,0.0825,0.0888,0.1
2012-01-12,0.084,0.083,0.082,0.083,0.089,0.0945,0.103
2012-01-13,0.081,0.082,0.082,0.084,0.0905,0.092,0.0975
2012-01-16,0.0895,0.08,0.079,0.083,0.086,0.092,0.097
2012-01-17,0.085,0.085,0.0875,0.0888,0.088,0.0938,0.099
2012-01-18,0.085,0.0875,0.09,0.0925,0.1058,0.109,0.108
2012-01-19,0.0855,0.0788,0.08,0.0838,0.09,0.097,0.104
2012-01-20,0.088,0.0905,0.0905,0.0925,0.0955,0.1005,0.104
2012-01-23,0.0885,0.09,0.0925,0.0925,0.095,0.102,0.1165
2012-01-24,0.095,0.0838,0.0863,0.0875,0.0963,0.102,0.1085
2012-01-25,0.094,0.085,0.0885,0.091,0.097,0.099,0.104
2012-01-26,0.085,0.086,0.085,0.0895,0.093,0.0945,0.0905
2012-01-27,0.088,0.0875,0.1005,0.09,0.096,0.1,0.095
2012-01-30,0.088,0.088,0.091,0.0855,0.095,0.1,0.1
2012-01-31,0.088,0.093,0.095,0.096,0.098,0.1,0.102
2012-02-01,0.099,0.102,0.104,0.0965,0.1095,0.1113,0.1195
2012-02-02,0.098,0.105,0.1085,0.1065,0.109,0.1113,0.121
2012-02-03,0.108,0.1125,0.0975,0.1115,0.115,0.12,0.125
2012-02-06,0.1035,0.109,0.111,0.112,0.115,0.122,0.1275
2012-02-07,0.108,0.11,0.115,0.112,0.116,0.124,0.132
2012-02-08,0.11,0.111,0.1088,0.11,0.1163,0.125,0.134
2012-02-09,0.113,0.1225,0.1125,0.115,0.1215,0.1275,0.1345
2012-02-10,0.129,0.127,0.131,0.13,0.131,0.137,0.143
2012-02-13,0.13,0.1275,0.1288,0.1288,0.1325,0.14,0.1495
2012-02-14,0.129,0.1285,0.13,0.128,0.132,0.1388,0.145
2012-02-15,0.119,0.1215,0.122,0.123,0.1213,0.131,0.1375
2012-02-16,0.11,0.1225,0.1225,0.125,0.125,0.134,0.14
2012-02-17,0.092,0.1105,0.1105,0.1125,0.1175,0.1275,0.135
2012-02-20,0.1,0.1075,0.1105,0.1125,0.1145,0.1225,0.1315
2012-02-21,0.097,0.103,0.108,0.1085,0.114,0.123,0.133
2012-02-22,0.106,0.1095,0.11,0.1113,0.117,0.126,0.135
2012-02-23,0.106,0.122,0.118,0.118,0.123,0.133,0.1405
2012-02-24,0.104,0.127,0.118,0.1215,0.125,0.1365,0.1435
2012-02-27,0.11,0.116,0.1195,0.119,0.125,0.135,0.144
2012-02-28,0.115,0.114,0.115,0.116,0.123,0.13,0.1355
2012-02-29,0.115,0.1125,0.117,0.1175,0.1235,0.1305,0.1385
2012-03-01,0.11,0.11,0.1135,0.1125,0.12,0.128,0.1355
2012-03-02,0.1055,0.108,0.111,0.107,0.118,0.125,0.137
2012-03-05,0.1095,0.1115,0.111,0.112,0.118,0.127,0.1315
2012-03-06,0.1085,0.1115,0.115,0.1163,0.1188,0.128,0.138
2012-03-07,0.111,0.113,0.1125,0.116,0.125,0.135,0.1425
2012-03-08,0.116,0.122,0.121,0.121,0.133,0.143,0.1525
2012-03-09,0.1185,0.1215,0.121,0.1225,0.131,0.141,0.151
2012-03-12,0.124,0.124,0.123,0.127,0.138,0.147,0.156
2012-03-13,0.125,0.1245,0.1263,0.129,0.14,0.151,0.161
2012-03-14,0.127,0.131,0.128,0.133,0.142,0.154,0.168
2012-03-15,0.134,0.128,0.131,0.135,0.147,0.159,0.17
2012-03-16,0.135,0.1315,0.132,0.132,0.1425,0.156,0.169
2012-03-19,0.133,0.1375,0.135,0.1385,0.1525,0.1635,0.1735
2012-03-20,0.153,0.1445,0.144,0.147,0.159,0.1705,0.178
2012-03-21,0.144,0.139,0.138,0.1375,0.151,0.1615,0.168
2012-03-22,0.138,0.1355,0.131,0.134,0.146,0.155,0.1635
2012-03-23,0.146,0.134,0.1385,0.1463,0.146,0.1555,0.174
2012-03-26,0.141,0.1315,0.1275,0.1325,0.145,0.1535,0.161
2012-03-27,0.127,0.1305,0.1275,0.13,0.14,0.146,0.1505
2012-03-28,0.128,0.13,0.129,0.1343,0.141,0.147,0.152
2012-03-29,0.127,0.1313,0.1388,0.1305,0.14,0.1475,0.1515
2012-03-30,0.121,0.123,0.123,0.127,0.139,0.1465,0.157
2012-04-02,0.1305,0.132,0.13,0.1315,0.1425,0.1485,0.1615
2012-04-03,0.139,0.14,0.1375,0.1405,0.152,0.1615,0.174
2012-04-04,0.1305,0.13,0.128,0.142,0.143,0.15,0.1635
2012-04-05,0.142,0.142,0.14,0.1435,0.156,0.1655,0.172
2012-04-06,0.131,0.1375,0.1375,0.1425,0.155,0.164,0.173
2012-04-09,0.135,0.139,0.138,0.144,0.157,0.167,0.171
2012-04-10,0.14,0.1388,0.15,0.1538,0.1544,0.1609,0.1665
2012-04-11,0.138,0.141,0.137,0.144,0.154,0.1605,0.163
2012-04-12,0.139,0.1395,0.1464,0.1513,0.152,0.1555,0.1585
2012-04-13,0.133,0.138,0.1345,0.143,0.148,0.1535,0.156
2012-04-16,0.154,0.139,0.1395,0.139,0.147,0.152,0.153
2012-04-17,0.145,0.135,0.137,0.141,0.146,0.1495,0.1525
2012-04-18,0.137,0.14,0.139,0.141,0.146,0.1505,0.1515
2012-04-19,0.133,0.136,0.136,0.138,0.142,0.1455,0.147
2012-04-20,0.11,0.131,0.1325,0.1355,0.14,0.146,0.1475
2012-04-23,0.108,0.127,0.13,0.133,0.139,0.1435,0.1465
2012-04-24,0.129,0.132,0.134,0.138,0.145,0.1505,0.1525
2012-04-25,0.123,0.133,0.134,0.137,0.144,0.1485,0.1515
2012-04-26,0.135,0.134,0.135,0.139,0.146,0.1505,0.1535
2012-04-27,0.135,0.138,0.138,0.139,0.144,0.1485,0.151
2012-04-30,0.142,0.138,0.139,0.14,0.144,0.1465,0.1455
2012-05-01,0.141,0.142,0.143,0.144,0.148,0.1515,0.1545
2012-05-02,0.141,0.141,0.143,0.144,0.148,0.1525,0.1555
2012-05-03,0.146,0.143,0.142,0.143,0.149,0.1515,0.15
2012-05-04,0.14,0.1435,0.143,0.145,0.1505,0.1525,0.152
2012-05-07,0.141,0.14,0.143,0.144,0.149,0.1545,0.155
2012-05-08,0.15,0.145,0.146,0.147,0.152,0.1575,0.156
2012-05-09,0.152,0.146,0.145,0.145,0.151,0.1565,0.1595
2012-05-10,0.154,0.153,0.152,0.151,0.156,0.1585,0.1615
2012-05-11,0.157,0.153,0.1502,0.155,0.1605,0.1625,0.163
2012-05-14,0.157,0.159,0.156,0.155,0.159,0.165,0.161
2012-05-15,0.16,0.157,0.156,0.155,0.158,0.1635,0.166
2012-05-16,0.159,0.16,0.16,0.159,0.163,0.1685,0.172
2012-05-17,0.17,0.165,0.165,0.165,0.166,0.1715,0.175
2012-05-18,0.159,0.166,0.168,0.167,0.171,0.1735,0.1765
2012-05-21,0.1605,0.161,0.163,0.162,0.169,0.1725,0.1755
2012-05-22,0.1605,0.1625,0.1605,0.16,0.166,0.1695,0.1695
2012-05-23,0.153,0.147,0.152,0.152,0.16,0.1645,0.1695
2012-05-24,0.157,0.158,0.1545,0.1565,0.162,0.168,0.1705
2012-05-25,0.149,0.149,0.157,0.161,0.167,0.1725,0.1765
2012-05-28,0.16,0.153,0.16,0.16,0.165,0.168,0.175
2012-05-29,0.152,0.152,0.157,0.16,0.165,0.1695,0.1725
2012-05-30,0.155,0.158,0.158,0.16,0.164,0.1665,0.1695
2012-05-31,0.161,0.1635,0.159,0.1605,0.1645,0.164,0.167
2012-06-01,0.154,0.157,0.155,0.156,0.156,0.1565,0.1585
2012-06-04,0.156,0.16,0.156,0.157,0.159,0.1605,0.1625
2012-06-05,0.16,0.158,0.157,0.159,0.16,0.1615,0.1635
2012-06-06,0.159,0.16,0.159,0.161,0.162,0.1605,0.162
2012-06-07,0.157,0.157,0.158,0.1595,0.161,0.162,0.167
2012-06-08,0.156,0.159,0.158,0.159,0.16,0.1615,0.1635
2012-06-11,0.156,0.167,0.168,0.169,0.17,0.1705,0.172
2012-06-12,0.166,0.173,0.171,0.172,0.176,0.1755,0.1765
2012-06-13,0.176,0.171,0.17,0.17,0.173,0.1735,0.1745
2012-06-14,0.171,0.168,0.167,0.1695,0.1715,0.1725,0.174
2012-06-15,0.151,0.164,0.159,0.161,0.164,0.1605,0.163
2012-06-18,0.1615,0.165,0.161,0.162,0.164,0.1615,0.1635
2012-06-19,0.162,0.1663,0.1663,0.167,0.17,0.169,0.17
2012-06-20,0.161,0.175,0.173,0.174,0.178,0.1755,0.1775
2012-06-21,0.181,0.1745,0.1725,0.173,0.178,0.178,0.179
2012-06-22,0.173,0.176,0.176,0.179,0.183,0.1815,0.1825
2012-06-25,0.168,0.171,0.173,0.176,0.18,0.1785,0.1795
2012-06-26,0.16,0.175,0.175,0.178,0.182,0.181,0.1895
2012-06-27,0.156,0.171,0.1745,0.1765,0.179,0.1805,0.183
2012-06-28,0.173,0.176,0.178,0.178,0.18,0.1815,0.1845
2012-06-29,0.173,0.17,0.174,0.175,0.178,0.1815,0.1855
2012-07-02,0.1745,0.17,0.173,0.173,0.176,0.1795,0.182
2012-07-03,0.173,0.174,0.179,0.1775,0.182,0.184,0.1885
2012-07-04,0.176,0.176,0.179,0.1785,0.182,0.185,0.184
2012-07-05,0.171,0.1763,0.1775,0.1775,0.176,0.1775,0.177
2012-07-06,0.165,0.164,0.1675,0.1675,0.166,0.169,0.174
2012-07-09,0.167,0.168,0.169,0.167,0.166,0.1655,0.1665
2012-07-10,0.169,0.168,0.169,0.167,0.166,0.1655,0.165
2012-07-11,0.165,0.164,0.164,0.163,0.164,0.1615,0.1635
2012-07-12,0.163,0.161,0.161,0.159,0.158,0.1585,0.157
2012-07-13,0.162,0.153,0.1465,0.1455,0.145,0.1415,0.1405
2012-07-16,0.175,0.156,0.156,0.152,0.146,0.1455,0.1445
2012-07-17,0.169,0.1615,0.1605,0.155,0.149,0.1475,0.1465
2012-07-18,0.153,0.149,0.149,0.143,0.139,0.1375,0.1375
2012-07-19,0.137,0.147,0.147,0.143,0.137,0.132,0.1365
2012-07-20,0.1435,0.144,0.145,0.142,0.1355,0.1335,0.1325
2012-07-23,0.134,0.144,0.145,0.1425,0.135,0.133,0.1325
2012-07-24,0.151,0.145,0.147,0.145,0.14,0.1385,0.139
2012-07-25,0.151,0.147,0.1325,0.1325,0.1313,0.1288,0.133
2012-07-26,0.161,0.145,0.145,0.145,0.145,0.1413,0.137
2012-07-27,0.151,0.148,0.147,0.146,0.141,0.1395,0.1395
2012-07-30,0.1405,0.147,0.14,0.136,0.13,0.1285,0.128
2012-07-31,0.142,0.14,0.139,0.136,0.1305,0.131,0.131
2012-08-01,0.15,0.147,0.148,0.146,0.139,0.1375,0.138
2012-08-02,0.144,0.145,0.141,0.139,0.1355,0.1345,0.134
2012-08-03,0.148,0.149,0.144,0.144,0.139,0.1375,0.1385
2012-08-06,0.143,0.144,0.142,0.143,0.138,0.1365,0.137
2012-08-07,0.142,0.1405,0.142,0.143,0.139,0.1385,0.142
2012-08-08,0.145,0.146,0.146,0.147,0.144,0.1445,0.1465
2012-08-09,0.148,0.152,0.1465,0.144,0.142,0.143,0.1465
2012-08-10,0.147,0.149,0.144,0.144,0.139,0.1385,0.1405
2012-08-13,0.143,0.143,0.1375,0.141,0.139,0.139,0.142
2012-08-14,0.138,0.145,0.14,0.139,0.138,0.1395,0.1435
2012-08-15,0.14,0.144,0.141,0.141,0.142,0.1425,0.1465
2012-08-16,0.1385,0.142,0.14,0.141,0.141,0.1425,0.1465
2012-08-17,0.138,0.142,0.141,0.141,0.14,0.142,0.146
2012-08-20,0.137,0.138,0.14,0.141,0.1425,0.141,0.1465
2012-08-21,0.137,0.145,0.142,0.143,0.144,0.145,0.148
2012-08-22,0.1395,0.1374,0.1385,0.138,0.1385,0.137,0.1305
2012-08-23,0.149,0.14,0.138,0.139,0.135,0.1365,0.1375
2012-08-24,0.143,0.133,0.133,0.133,0.131,0.1315,0.1345
2012-08-27,0.14,0.134,0.133,0.133,0.132,0.134,0.1375
2012-08-28,0.14,0.138,0.135,0.135,0.133,0.1355,0.1375
2012-08-29,0.136,0.1338,0.1325,0.1325,0.1338,0.134,0.136
2012-08-30,0.135,0.128,0.13,0.13,0.129,0.1315,0.1335
2012-08-31,0.14,0.128,0.13,0.1275,0.1225,0.12,0.12
2012-09-03,0.14,0.13,0.1295,0.125,0.12,0.12,0.119
2012-09-04,0.14,0.122,0.123,0.124,0.119,0.1195,0.1195
2012-09-05,0.135,0.131,0.129,0.128,0.122,0.1225,0.1235
2012-09-06,0.143,0.144,0.131,0.133,0.127,0.126,0.1305
2012-09-07,0.148,0.137,0.134,0.132,0.128,0.1285,0.1295
2012-09-10,0.14,0.135,0.1238,0.1225,0.127,0.124,0.126
2012-09-11,0.136,0.132,0.128,0.125,0.123,0.1235,0.1265
2012-09-12,0.132,0.129,0.128,0.127,0.124,0.1225,0.125
2012-09-13,0.148,0.139,0.131,0.133,0.126,0.1235,0.1245
2012-09-14,0.146,0.1365,0.132,0.135,0.131,0.1295,0.1315
2012-09-17,0.159,0.1275,0.139,0.139,0.133,0.1313,0.134
2012-09-18,0.145,0.144,0.142,0.14,0.136,0.1345,0.1365
2012-09-19,0.145,0.143,0.141,0.144,0.14,0.1395,0.1405
2012-09-20,0.127,0.137,0.135,0.137,0.133,0.1335,0.1345
2012-09-21,0.125,0.144,0.1365,0.139,0.1275,0.131,0.142
2012-09-24,0.127,0.141,0.139,0.141,0.133,0.1325,0.1335
2012-09-25,0.135,0.136,0.135,0.137,0.133,0.1335,0.1355
2012-09-26,0.146,0.146,0.145,0.1405,0.138,0.1365,0.1375
2012-09-27,0.15,0.145,0.143,0.136,0.135,0.1325,0.1335
2012-09-28,0.14,0.142,0.139,0.132,0.129,0.1265,0.1265
2012-10-01,0.148,0.143,0.142,0.133,0.129,0.1255,0.1245
2012-10-02,0.145,0.145,0.145,0.136,0.131,0.1265,0.1255
2012-10-03,0.15,0.147,0.146,0.136,0.131,0.1265,0.1255
2012-10-04,0.153,0.149,0.149,0.137,0.134,0.1295,0.1275
2012-10-05,0.153,0.152,0.147,0.139,0.1343,0.1326,0.133
2012-10-08,0.146,0.148,0.15,0.145,0.136,0.13,0.129
2012-10-09,0.1495,0.148,0.149,0.139,0.136,0.1325,0.1325
2012-10-10,0.156,0.145,0.146,0.139,0.134,0.133,0.132
2012-10-11,0.157,0.144,0.143,0.139,0.134,0.1325,0.1345
2012-10-12,0.155,0.142,0.145,0.138,0.134,0.1315,0.1325
2012-10-15,0.161,0.14,0.146,0.137,0.135,0.1335,0.1335
2012-10-16,0.16,0.145,0.151,0.141,0.14,0.1395,0.1405
2012-10-17,0.159,0.143,0.151,0.143,0.146,0.1475,0.1505
2012-10-18,0.153,0.143,0.1535,0.144,0.142,0.1415,0.145
2012-10-19,0.1505,0.1475,0.145,0.14,0.1375,0.139,0.1425
2012-10-22,0.147,0.1475,0.145,0.1425,0.14,0.1415,0.1485
2012-10-23,0.147,0.1445,0.1485,0.143,0.138,0.1395,0.1435
2012-10-24,0.158,0.151,0.151,0.147,0.14,0.144,0.148
2012-10-25,0.189,0.171,0.162,0.1575,0.154,0.155,0.1595
2012-10-26,0.166,0.159,0.1555,0.15,0.145,0.146,0.152
2012-10-29,0.167,0.164,0.154,0.153,0.146,0.145,0.151
2012-10-30,0.163,0.163,0.1565,0.154,0.15,0.151,0.155
2012-10-31,0.16,0.1655,0.1605,0.1555,0.146,0.146,0.148
2012-11-01,0.169,0.171,0.16,0.156,0.147,0.15,0.151
2012-11-02,0.159,0.16,0.157,0.153,0.145,0.149,0.148
2012-11-05,0.1595,0.163,0.157,0.151,0.146,0.145,0.145
2012-11-06,0.165,0.163,0.157,0.151,0.146,0.1475,0.1515
2012-11-07,0.167,0.163,0.154,0.149,0.139,0.1385,0.142
2012-11-08,0.159,0.159,0.147,0.143,0.136,0.139,0.141
2012-11-09,0.159,0.158,0.155,0.145,0.138,0.139,0.1415
2012-11-12,0.1605,0.16,0.15,0.147,0.144,0.141,0.139
2012-11-13,0.16,0.163,0.151,0.147,0.138,0.137,0.1405
2012-11-14,0.157,0.159,0.1525,0.147,0.138,0.1355,0.1365
2012-11-15,0.167,0.163,0.156,0.153,0.139,0.1355,0.136
2012-11-16,0.16,0.13,0.154,0.1363,0.135,0.137,0.139
2012-11-19,0.161,0.1655,0.1405,0.1345,0.137,0.137,0.1305
2012-11-20,0.1635,0.155,0.15,0.144,0.136,0.1355,0.1395
2012-11-21,0.169,0.157,0.152,0.1545,0.14,0.139,0.1425
2012-11-22,0.16,0.155,0.149,0.1455,0.143,0.143,0.1435
2012-11-23,0.1605,0.1615,0.1375,0.1188,0.1388,0.1388,0.1413
2012-11-26,0.147,0.156,0.15,0.148,0.139,0.1385,0.147
2012-11-27,0.165,0.1575,0.151,0.148,0.143,0.1435,0.1445
2012-11-28,0.165,0.162,0.151,0.138,0.143,0.14,0.141
2012-11-29,0.17,0.151,0.148,0.147,0.142,0.14,0.14
2012-11-30,0.1605,0.1575,0.1535,0.1475,0.14,0.1375,0.14
2012-12-03,0.1605,0.154,0.149,0.145,0.141,0.139,0.14
2012-12-04,0.17,0.153,0.145,0.135,0.138,0.1335,0.1345
2012-12-05,0.165,0.154,0.152,0.15,0.142,0.1395,0.1335
2012-12-06,0.16,0.14,0.148,0.146,0.138,0.1365,0.1325
2012-12-07,0.1595,0.148,0.148,0.145,0.1405,0.1365,0.1355
2012-12-10,0.159,0.141,0.147,0.141,0.134,0.1325,0.1315
2012-12-11,0.163,0.145,0.146,0.144,0.135,0.1325,0.1325
2012-12-12,0.161,0.149,0.147,0.1445,0.135,0.1325,0.13
2012-12-13,0.163,0.1275,0.143,0.141,0.133,0.1305,0.1285
2012-12-14,0.1585,0.145,0.141,0.138,0.13,0.128,0.126
2012-12-17,0.166,0.1515,0.143,0.141,0.13,0.1305,0.1285
2012-12-18,0.183,0.165,0.1655,0.158,0.145,0.1425,0.1415
2012-12-19,0.17,0.16,0.1635,0.1615,0.145,0.1465,0.1465
2012-12-20,0.173,0.168,0.161,0.152,0.143,0.1445,0.1445
2012-12-21,0.153,0.156,0.157,0.154,0.145,0.143,0.145
2012-12-24,0.158,0.158,0.158,0.155,0.146,0.145,0.1465
2012-12-25,0.158,0.1625,0.159,0.155,0.151,0.149,0.148
2012-12-26,0.151,0.16,0.159,0.156,0.149,0.151,0.1475
2012-12-27,0.16,0.151,0.154,0.155,0.12,0.146,0.1445
2012-12-28,0.164,0.1613,0.153,0.153,0.141,0.14,0.14
2012-12-31,0.164,0.15,0.15,0.147,0.136,0.134,0.125
2013-01-01,0.164,0.16,0.152,0.147,0.137,0.135,0.134
2013-01-02,0.158,0.1615,0.149,0.148,0.138,0.135,0.1365
2013-01-03,0.16,0.1387,0.1425,0.1425,0.136,0.1345,0.1375
2013-01-04,0.161,0.155,0.149,0.145,0.139,0.1385,0.141
2013-01-07,0.16,0.153,0.147,0.141,0.136,0.1355,0.137
2013-01-08,0.16,0.159,0.148,0.1322,0.135,0.134,0.134
2013-01-09,0.152,0.147,0.1363,0.135,0.13,0.13,0.1315
2013-01-10,0.146,0.143,0.141,0.135,0.129,0.131,0.1315
2013-01-11,0.141,0.139,0.143,0.132,0.127,0.1285,0.131
2013-01-14,0.147,0.141,0.147,0.141,0.13,0.1305,0.1315
2013-01-15,0.141,0.143,0.144,0.14,0.135,0.134,0.131
2013-01-16,0.14,0.141,0.142,0.138,0.134,0.1325,0.134
2013-01-17,0.1425,0.143,0.143,0.135,0.138,0.1375,0.1395
2013-01-18,0.145,0.1313,0.1313,0.1313,0.1313,0.1325,0.1345
2013-01-21,0.155,0.149,0.146,0.142,0.132,0.132,0.139
2013-01-22,0.131,0.1175,0.128,0.126,0.126,0.127,0.1305
2013-01-23,0.1325,0.132,0.1255,0.132,0.127,0.1285,0.1305
2013-01-24,0.122,0.1375,0.138,0.133,0.132,0.1325,0.1365
2013-01-25,0.134,0.138,0.136,0.1365,0.138,0.1425,0.1435
2013-01-28,0.126,0.138,0.134,0.137,0.137,0.143,0.15
2013-01-29,0.132,0.135,0.13,0.13,0.133,0.1365,0.145
2013-01-30,0.133,0.134,0.137,0.1315,0.133,0.1375,0.1445
2013-01-31,0.129,0.133,0.132,0.131,0.133,0.1365,0.1425
2013-02-01,0.137,0.134,0.126,0.131,0.131,0.1345,0.14
2013-02-04,0.1355,0.132,0.131,0.13,0.13,0.1345,0.141
2013-02-05,0.13,0.135,0.13,0.129,0.129,0.1335,0.139
2013-02-06,0.132,0.134,0.133,0.13,0.129,0.13,0.1335
2013-02-07,0.136,0.132,0.1285,0.129,0.134,0.1345,0.1385
2013-02-08,0.132,0.132,0.131,0.13,0.133,0.1345,0.138
2013-02-11,0.138,0.136,0.137,0.136,0.135,0.137,0.1425
2013-02-12,0.142,0.144,0.142,0.14,0.134,0.1345,0.1465
2013-02-13,0.14,0.143,0.143,0.135,0.134,0.1345,0.144
2013-02-14,0.144,0.149,0.144,0.138,0.138,0.1415,0.1465
2013-02-15,0.155,0.145,0.145,0.145,0.1425,0.1463,0.147
2013-02-18,0.1555,0.149,0.145,0.147,0.14,0.143,0.148
2013-02-19,0.157,0.152,0.147,0.144,0.141,0.1425,0.1475
2013-02-20,0.151,0.155,0.147,0.143,0.14,0.142,0.1465
2013-02-21,0.158,0.151,0.145,0.143,0.14,0.1405,0.1445
2013-02-22,0.169,0.1625,0.145,0.142,0.137,0.1375,0.1415
2013-02-25,0.164,0.148,0.147,0.144,0.138,0.1375,0.14
2013-02-26,0.161,0.143,0.14,0.139,0.137,0.1365,0.14
2013-02-27,0.15,0.148,0.143,0.142,0.139,0.1395,0.1415
2013-02-28,0.147,0.142,0.1413,0.138,0.135,0.1362,0.141
2013-03-01,0.147,0.136,0.139,0.1375,0.136,0.1355,0.143
2013-03-04,0.15,0.139,0.14,0.139,0.135,0.135,0.141
2013-03-05,0.156,0.1365,0.142,0.1335,0.135,0.1365,0.138
2013-03-06,0.156,0.1435,0.14,0.1375,0.14,0.1405,0.1415
2013-03-07,0.158,0.148,0.144,0.141,0.136,0.1375,0.14
2013-03-08,0.1535,0.1515,0.144,0.142,0.14,0.1415,0.14
2013-03-11,0.1555,0.145,0.142,0.139,0.139,0.138,0.1425
2013-03-12,0.155,0.143,0.139,0.137,0.135,0.137,0.14
2013-03-13,0.14,0.138,0.139,0.138,0.136,0.1375,0.14
2013-03-14,0.153,0.139,0.137,0.136,0.134,0.1385,0.143
2013-03-15,0.151,0.1365,0.135,0.138,0.137,0.14,0.143
2013-03-18,0.152,0.1525,0.141,0.137,0.1475,0.138,0.1435
2013-03-19,0.149,0.1426,0.144,0.143,0.1445,0.1475,0.1525
2013-03-20,0.149,0.147,0.144,0.142,0.142,0.1445,0.1485
2013-03-21,0.15,0.1475,0.1475,0.1475,0.142,0.1475,0.149
2013-03-22,0.145,0.1485,0.143,0.142,0.143,0.1475,0.1525
2013-03-25,0.138,0.152,0.147,0.145,0.144,0.1485,0.154
2013-03-26,0.13,0.142,0.143,0.1425,0.139,0.145,0.1525
2013-03-27,0.15,0.147,0.1362,0.135,0.139,0.1435,0.1475
2013-03-28,0.145,0.1445,0.1405,0.14,0.139,0.14,0.146
2013-03-29,0.145,0.145,0.137,0.14,0.139,0.143,0.146
2013-04-01,0.143,0.141,0.14,0.1435,0.14,0.142,0.1485
2013-04-02,0.145,0.145,0.1445,0.1435,0.139,0.1415,0.145
2013-04-03,0.141,0.143,0.1365,0.129,0.134,0.136,0.137
2013-04-04,0.139,0.138,0.132,0.132,0.132,0.1355,0.134
2013-04-05,0.139,0.137,0.133,0.131,0.13,0.1375,0.1406
2013-04-08,0.1425,0.136,0.137,0.132,0.13,0.1315,0.144
2013-04-09,0.137,0.133,0.135,0.13,0.129,0.1315,0.1365
2013-04-10,0.138,0.133,0.131,0.13,0.128,0.1315,0.1355
2013-04-11,0.1385,0.136,0.1333,0.131,0.129,0.1315,0.134
2013-04-12,0.136,0.133,0.131,0.129,0.128,0.1305,0.1355
2013-04-15,0.139,0.137,0.126,0.13,0.128,0.1305,0.133
2013-04-16,0.141,0.1345,0.137,0.13,0.129,0.1315,0.1335
2013-04-17,0.141,0.134,0.132,0.13,0.129,0.1315,0.1345
2013-04-18,0.1375,0.136,0.133,0.131,0.13,0.1315,0.1335
2013-04-19,0.133,0.1465,0.1305,0.135,0.133,0.1355,0.134
2013-04-22,0.14,0.133,0.131,0.131,0.128,0.1325,0.1345
2013-04-23,0.1325,0.132,0.132,0.133,0.132,0.1355,0.137
2013-04-24,0.135,0.1285,0.132,0.132,0.132,0.1345,0.138
2013-04-25,0.115,0.137,0.1329,0.129,0.13,0.1305,0.1335
2013-04-26,0.1275,0.128,0.128,0.127,0.128,0.129,0.1305
2013-04-29,0.123,0.125,0.125,0.1235,0.125,0.124,0.125
2013-04-30,0.1235,0.124,0.123,0.122,0.123,0.124,0.1245
2013-05-01,0.131,0.127,0.133,0.113,0.122,0.1225,0.1225
2013-05-02,0.126,0.13,0.127,0.126,0.124,0.1235,0.1235
2013-05-03,0.132,0.134,0.126,0.124,0.122,0.1255,0.128
2013-05-06,0.1255,0.127,0.125,0.123,0.123,0.1225,0.1355
2013-05-07,0.125,0.125,0.123,0.121,0.121,0.1215,0.1263
2013-05-08,0.123,0.123,0.123,0.122,0.12,0.1225,0.1265
2013-05-09,0.123,0.1255,0.122,0.122,0.123,0.1245,0.128
2013-05-10,0.125,0.126,0.125,0.124,0.1276,0.127,0.13
2013-05-13,0.121,0.124,0.124,0.1213,0.124,0.1276,0.13
2013-05-14,0.1235,0.125,0.1245,0.123,0.125,0.1285,0.137
2013-05-15,0.122,0.122,0.123,0.124,0.125,0.1275,0.1315
2013-05-16,0.116,0.111,0.121,0.121,0.122,0.1255,0.127
2013-05-17,0.116,0.119,0.119,0.121,0.124,0.127,0.1345
2013-05-20,0.109,0.111,0.113,0.1015,0.117,0.1215,0.1285
2013-05-21,0.113,0.105,0.111,0.1115,0.117,0.12,0.128
2013-05-22,0.103,0.0975,0.114,0.107,0.119,0.123,0.1305
2013-05-23,0.107,0.105,0.112,0.1165,0.117,0.1245,0.1315
2013-05-24,0.1,0.105,0.109,0.111,0.117,0.123,0.133
2013-05-27,0.1,0.1025,0.11,0.106,0.1165,0.123,0.135
2013-05-28,0.1,0.112,0.1125,0.115,0.125,0.1325,0.1485
2013-05-29,0.11,0.11,0.11,0.111,0.1188,0.1288,0.139
2013-05-30,0.11,0.103,0.1055,0.105,0.116,0.126,0.1395
2013-05-31,0.105,0.0985,0.108,0.111,0.123,0.1345,0.1475
2013-06-03,0.105,0.1088,0.103,0.1085,0.118,0.129,0.1415
2013-06-04,0.1035,0.0985,0.1005,0.108,0.117,0.127,0.1385
2013-06-05,0.1045,0.107,0.1088,0.11,0.117,0.126,0.14
2013-06-06,0.1,0.104,0.106,0.109,0.117,0.126,0.139
2013-06-07,0.095,0.102,0.1055,0.108,0.1138,0.128,0.142
2013-06-10,0.0965,0.098,0.1038,0.105,0.115,0.123,0.1375
2013-06-11,0.0965,0.098,0.105,0.107,0.116,0.125,0.1405
2013-06-12,0.096,0.1035,0.105,0.108,0.119,0.1275,0.143
2013-06-13,0.092,0.097,0.103,0.1095,0.112,0.1185,0.131
2013-06-14,0.091,0.097,0.103,0.1065,0.112,0.117,0.125
2013-06-17,0.0975,0.102,0.1015,0.0995,0.114,0.118,0.1255
2013-06-18,0.0965,0.103,0.107,0.111,0.116,0.1215,0.127
2013-06-19,0.0985,0.1105,0.113,0.1155,0.12,0.125,0.132
2013-06-20,0.089,0.114,0.119,0.12,0.126,0.131,0.147
2013-06-21,0.107,0.114,0.119,0.122,0.13,0.139,0.1605
2013-06-24,0.102,0.117,0.128,0.127,0.144,0.1595,0.1805
2013-06-25,0.106,0.116,0.122,0.134,0.143,0.16,0.1805
2013-06-26,0.102,0.114,0.1165,0.122,0.123,0.14,0.168
2013-06-27,0.1135,0.112,0.109,0.117,0.13,0.14,0.1585
2013-06-28,0.1085,0.108,0.112,0.114,0.127,0.141,0.1635
2013-07-01,0.105,0.105,0.1105,0.1045,0.123,0.1365,0.153
2013-07-02,0.0995,0.1015,0.106,0.108,0.119,0.1325,0.1565
2013-07-03,0.104,0.103,0.107,0.11,0.125,0.139,0.1685
2013-07-04,0.102,0.091,0.106,0.1085,0.1215,0.135,0.154
2013-07-05,0.103,0.101,0.105,0.113,0.128,0.146,0.1715
2013-07-08,0.102,0.103,0.107,0.109,0.123,0.138,0.165
2013-07-09,0.103,0.1038,0.107,0.112,0.124,0.1385,0.158
2013-07-10,0.1025,0.104,0.108,0.103,0.122,0.1365,0.1555
2013-07-11,0.098,0.097,0.092,0.1,0.12,0.133,0.1535
2013-07-12,0.098,0.102,0.106,0.107,0.12,0.136,0.152
2013-07-15,0.093,0.099,0.1044,0.1094,0.119,0.1345,0.1515
2013-07-16,0.096,0.1013,0.1025,0.1065,0.1163,0.1275,0.1435
2013-07-17,0.0975,0.101,0.103,0.108,0.115,0.125,0.1395
2013-07-18,0.1,0.101,0.103,0.106,0.116,0.126,0.141
2013-07-19,0.1,0.099,0.1,0.1025,0.1113,0.126,0.1375
2013-07-22,0.086,0.098,0.1,0.103,0.115,0.127,0.141
2013-07-23,0.08,0.096,0.099,0.109,0.116,0.127,0.1425
2013-07-24,0.093,0.1005,0.1,0.105,0.115,0.128,0.1445
2013-07-25,0.095,0.0975,0.1013,0.105,0.1175,0.127,0.1375
2013-07-26,0.0995,0.0975,0.1,0.1038,0.1138,0.125,0.1385
2013-07-29,0.0985,0.095,0.1,0.104,0.113,0.115,0.1375
2013-07-30,0.095,0.096,0.101,0.104,0.113,0.126,0.1395
2013-07-31,0.0975,0.098,0.098,0.107,0.116,0.126,0.1405
2013-08-01,0.0965,0.103,0.1025,0.106,0.1138,0.126,0.142
2013-08-02,0.0945,0.094,0.096,0.098,0.106,0.117,0.132
2013-08-05,0.097,0.0905,0.098,0.101,0.11,0.119,0.1325
2013-08-06,0.097,0.096,0.095,0.1,0.109,0.117,0.133
2013-08-07,0.095,0.095,0.095,0.1,0.109,0.1205,0.133
2013-08-08,0.094,0.096,0.097,0.098,0.109,0.119,0.132
2013-08-09,0.093,0.094,0.095,0.099,0.108,0.118,0.133
2013-08-12,0.091,0.078,0.095,0.0985,0.108,0.117,0.1265
2013-08-13,0.095,0.1006,0.1048,0.1019,0.109,0.121,0.1385
2013-08-14,0.088,0.1003,0.0975,0.0988,0.109,0.12,0.1375
2013-08-15,0.098,0.097,0.099,0.102,0.112,0.123,0.141
2013-08-16,0.093,0.0945,0.0905,0.094,0.111,0.1225,0.1405
2013-08-19,0.095,0.094,0.099,0.101,0.112,0.124,0.144
2013-08-20,0.08,0.0985,0.102,0.101,0.11,0.119,0.1365
2013-08-21,0.077,0.097,0.1019,0.104,0.116,0.132,0.1585
2013-08-22,0.079,0.095,0.099,0.104,0.12,0.139,0.1645
2013-08-23,0.075,0.095,0.0988,0.105,0.115,0.131,0.1585
2013-08-26,0.058,0.093,0.099,0.104,0.115,0.127,0.1495
2013-08-27,0.0895,0.0955,0.095,0.104,0.11,0.125,0.1465
2013-08-28,0.0835,0.084,0.091,0.096,0.111,0.129,0.1505
2013-08-29,0.0895,0.09,0.091,0.097,0.108,0.1255,0.15
2013-08-30,0.0855,0.0906,0.0919,0.0956,0.1069,0.1244,0.1455
2013-09-02,0.0865,0.09,0.1,0.1,0.11,0.13,0.156
2013-09-03,0.087,0.087,0.089,0.1,0.1088,0.1263,0.1555
2013-09-04,0.0895,0.093,0.097,0.0969,0.114,0.131,0.161
2013-09-05,0.0885,0.09,0.094,0.1,0.1135,0.137,0.1715
2013-09-06,0.0855,0.083,0.088,0.094,0.109,0.129,0.1525
2013-09-09,0.0865,0.085,0.091,0.094,0.106,0.124,0.15
2013-09-10,0.089,0.087,0.09,0.096,0.105,0.125,0.155
2013-09-11,0.087,0.08,0.0945,0.092,0.105,0.123,0.148
2013-09-12,0.086,0.0755,0.0835,0.0935,0.1035,0.123,0.1485
2013-09-13,0.085,0.09,0.0845,0.0855,0.104,0.124,0.146
2013-09-16,0.082,0.0938,0.0963,0.0939,0.104,0.1205,0.1405
2013-09-17,0.081,0.0815,0.083,0.093,0.103,0.117,0.1365
2013-09-18,0.081,0.088,0.092,0.0895,0.103,0.114,0.1285
2013-09-19,0.0815,0.086,0.0881,0.093,0.101,0.112,0.127
2013-09-20,0.073,0.089,0.093,0.097,0.106,0.117,0.132
2013-09-23,0.0775,0.089,0.0925,0.095,0.105,0.115,0.1305
2013-09-24,0.085,0.089,0.096,0.093,0.105,0.118,0.129
2013-09-25,0.085,0.09,0.094,0.0943,0.1026,0.115,0.1295
2013-09-26,0.078,0.095,0.093,0.0945,0.108,0.119,0.1325
2013-09-27,0.095,0.0956,0.0994,0.1019,0.1094,0.1181,0.1325
2013-09-30,0.094,0.093,0.0975,0.101,0.11,0.119,0.131
2013-10-01,0.0915,0.092,0.098,0.0975,0.108,0.118,0.1285
2013-10-02,0.093,0.092,0.096,0.095,0.103,0.114,0.1285
2013-10-03,0.091,0.094,0.099,0.101,0.107,0.116,0.125
2013-10-04,0.098,0.098,0.089,0.101,0.107,0.117,0.127
2013-10-07,0.103,0.103,0.1006,0.1095,0.1069,0.1156,0.13
2013-10-08,0.116,0.117,0.117,0.1145,0.116,0.124,0.138
2013-10-09,0.121,0.116,0.117,0.1109,0.1113,0.122,0.133
2013-10-10,0.105,0.098,0.1,0.1,0.109,0.1155,0.132
2013-10-11,0.105,0.1055,0.102,0.104,0.111,0.1185,0.133
2013-10-14,0.108,0.104,0.1095,0.0925,0.11,0.121,0.14
2013-10-15,0.115,0.107,0.0995,0.107,0.113,0.124,0.137
2013-10-16,0.104,0.097,0.096,0.099,0.107,0.119,0.131
2013-10-17,0.097,0.091,0.092,0.092,0.101,0.1125,0.125
2013-10-18,0.0935,0.088,0.0885,0.09,0.1,0.112,0.125
2013-10-21,0.089,0.086,0.09,0.088,0.093,0.109,0.1215
2013-10-22,0.088,0.088,0.0875,0.086,0.094,0.107,0.1175
2013-10-23,0.0875,0.0885,0.085,0.086,0.093,0.106,0.12
2013-10-24,0.084,0.084,0.087,0.087,0.095,0.1038,0.1185
2013-10-25,0.0855,0.085,0.087,0.087,0.095,0.105,0.117
2013-10-28,0.0835,0.06,0.087,0.087,0.096,0.1065,0.1185
2013-10-29,0.0865,0.086,0.0881,0.0835,0.095,0.099,0.1185
2013-10-30,0.087,0.086,0.087,0.0869,0.095,0.1031,0.1175
2013-10-31,0.088,0.083,0.0905,0.088,0.096,0.1055,0.116
2013-11-01,0.089,0.087,0.085,0.085,0.095,0.104,0.122
